スポット名,名称カナ,郵便番号,都道府県,市区町村,住所１,住所２,緯度,経度,詳細,営業時間,定休日,駐車場,平均予算,電話番号,URL
日本料理うおかね,,420-0867,静岡県,静岡市葵区馬場町,33,,34.97895391,138.3783158,創業嘉永弐年(1849年)より地元食材を中心に提供しています。特に駿河湾特産の桜海老のかき揚げはそのままで食べれる味と冷めてもサクサクがある絶品。また桜海老を練り込んだ桜海老団子は当店でしか味わえない一品で御土産にも最適。最近人気なのは徳川家康公が好んだ鯛の天婦羅や曜日限定の桜海老と卵の天丼「駿河月見丼」も。,"コース料理（要予約）11:00～21:00　
昼　11:30～14:00（L.O13:30）
夜　17:30～21:00（L.O20:00）
※定食のみL.O19:00",月曜（コース料理を除く）,,,054-252-0394,http://www2.wbs.ne.jp/~uokane/
入船鮨 葵タワー店,いりふねずし あおいたわーてん,420-0852,静岡県,静岡市,葵区紺屋町17-1 地下１階,,34.972754,138.386376,全席禁煙。音楽はJAZZ、足下には荷物入れがある女性に大人気の鮨店です。一品料理もリーズナブルでお洒落なメニューも豊富です。ランチは特にお得で900円から950円で種類も豊富で４品つき。全国共通すし券取扱い店。お気軽にどうぞ！,11:00～22:00,年中無休,,,054-251-9178,http://irifunesushi.net/
入船鮨 南町店,,422-8067,静岡県,静岡市駿河区,南町6-6,,34.9700016,138.3893536,"駅から徒歩3分、リーズナブルな価格で本格江戸前鮨を味わえます。
静岡の繁華街で創業して百年。新鮮なネタを揃える確かな目利きは、大正元年の創業以来変わらない。南店はJRの駅からも近く、平日も休日も立ち寄りやすいのが魅力。ばらちらしは、鮮度抜群の魚介の他、すべて店で手作りされる玉子焼き、かんぴょう、しいたけ、おぼろなどが入り、鮨職人の丁寧な仕事ぶりが伺える一品。
全国共通すし券取扱い店。季節の一品やコース料理あり。宴会、法事又出前も可能。",11:00～22:30,火曜,,,054-282-1158,http://irifunesushi.net/
入船鮨　登呂店,いりふねずし　とろてん,,静岡県,静岡市,駿河区有東2-3-29,,34.9617057,138.4058662,"郊外店らしい家族向けメニューを多数取り揃えております。にぎりもコース料理も明朗会計なので
安心して立ち寄れます。多数個室があり足が楽なテーブル席もあり食事会や法事のお客様に喜ばれています又出前もやっています。
全国共通すし券取扱い店　お気軽にどうぞ！",,,,,054-284-5151,http://irifunesushi.net/
驛前松乃鮨,,,静岡県,静岡市,葵区御幸町9-3,,34.9733678,138.3875564,"静岡駅前にて創業８０年をこえました。静岡の地の魚をメインに、旬の味をお届けしています。
その日に水揚げされたばかりの地魚をご賞味ください。同じ鯵でも味が違います！",,,,,054-251-0123,http://ekimatu.web.fc2.com/
鮨処 やましち,,,静岡県,静岡市,清水区蒲原3-3-10,,35.1189907,138.6057587,"鮨店ですが、すしはもちろん、地元の食材をたいせつにいろいろランチメニューでお楽しみいただけるよう工夫しています。桜えびのやきそば、いわしカレー、地元のフルーツを使った簡単デザートなども人気があります。
※写真付き5か国語メニューあります。JR東海道本線 蒲原駅から徒歩3分",11:30～21:00,火曜,あり,,054-388-2339,http://www.sushi-yamashiti.com
魚匠 ととや,,420-0858,静岡県,静岡市葵区,伝馬町8-9久保田ビル,,34.9749509,138.3879563,地魚とマグロをメインに、とびきり新鮮な刺身や、充実した内容のコース料理が好評の店。1階から5階まで、カウンター、テーブル、個室、座敷といろいろな席が用意され、フロアの貸切や予約も可能。酒は満寿一を基本に各種あり、迷ったら利き酒師と焼酎アドバイザーの資格を持つ店長におすすめを聞いてみて。その日仕入れた魚で作るコース料理は5000円と8000円、スッポンコースも常時楽しめる。1日1組限定、個室を貸切で使える「ランチ懐石」3150円も人気。,11:30～14:00（L.O.)､17:45～22:30(L.O.22:00),日曜（月曜が祝日の場合は営業、月曜休）,,,054-274-0077,http://shizuoka.womo.jp/gourmet/shop/index/ID/94
入船鮨　両替町店,いりふねずし　りょうがえちょうてん,420-0032,静岡県,静岡市葵区,両替町2-7-10,,34.9728151,138.3839123,"大正元年から続く老舗でありながら、新鮮なネタを良心的な価格で提供してくれる『入船鮨』。料金が全て明記されているから、カウンター席初心者でも安心。握りはもちろん、フォアグラやフカヒレといった珍しい品も充実しているのでぜひ味わってみて。コースは3,885円～10,500円まで多種用意されているうえ、法事なら20名以上で無料の送迎バスも有。ランチメニューも945円で常時12種類ご用意。お昼にちょっと贅沢な時間を過ごしてみては。",11:00～翌1:30,無休,,,054-254-1158,http://shizuoka.womo.jp/gourmet/shop/index/ID/20
浜のかきあげや,,421-3103,静岡県,静岡市清水区,由比,由比漁港内,35.097252,138.552711,由比港にいつ行っても行列ができている一角がある。由比港漁協直営の食堂で、皆のお目当てはできたての桜えびのかき揚げ。あつあつサクサクを丼やそばと合わせて楽しめる。,10:00～15:00,3月下旬～6月上旬の月曜、祝日の翌日が休み。それ以外は金・土・日曜のみ営業,,,054-376-0001,http://shizuoka.womo.jp/gourmet/shop/index/ID/458
のっけ家 清水店,,424-0823,静岡県,静岡市清水区,島崎町149河岸の市内,,35.0190681,138.4889914,港直送のマグロは鮮度抜群。キハダマグロ、ビンチョウマグロにイカソーメン、ネギトロとネタは通常のどんぶりの2倍で、活きのいい魚を腹いっぱい食べられるのは水産会社が経営しているから。さしみをより美味しく食べられるようにと開発された特製醤油も見逃せない。お店一番人気のネギトロが添えられているのもうれしい。,9:30～17:30,水曜（祝日の場合は営業、振替休あり）,,,054-355-5077,http://shizuoka.womo.jp/gourmet/shop/index/ID/328
おがわ,,424-0823,静岡県,静岡市清水区,島崎町149清水魚市場河岸の市内,,35.0200208,138.4906717,清水魚市場河岸の市内にある人気店。50年以上マグロの仲介に携わってきた店主の目利きには定評があり、行列が絶えない。イクラや甘エビがのった豪華丼で海の幸をたっぷり味わおう。全席禁煙。,平日11:00～15:00、土・日・祝日10:00～16:00,水曜（GW・お盆・年末年始は河岸の市全体で決定するので水曜営業も有。また月によって連休も有り。）,,,054-352-0202,http://shizuoka.womo.jp/gourmet/shop/index/ID/457
浮殿,,420-0852,静岡県,静岡市葵区,紺屋町11-1浮月楼内,,34.9722235,138.3849178,徳川家15代将軍、徳川慶喜公が20年住み、その後は迎賓館として120年、静岡の街とともに歴史を刻んできた『浮月楼』。その一角に、懐石料理の店『浮殿』がある。慶喜公が愛した美しい庭園を眺めながらの食事は、まるでタイムスリップしたかのよう。ゆっくりとした時間が流れている。料理は、季節によってメニューが変わり、ひとくちごとに季節を感じさせてくれる。また、夜は100種類以上の酒を用意。静岡県内にあるほとんどの蔵元の酒を味わえるそうだ。特別な日はもちろん、ちょっとゆっくり体と心を休めたい、そんな日にぜひ訪れたい。,11:30～15:00（L.O.14:00）、火曜～土曜17:00～22:00（L.O.21:00）、日曜17:00～21:00（L.O.20:00）,月曜（祝日、振替休日の場合は昼のみ営業）,,,054-252-0131,http://shizuoka.womo.jp/gourmet/shop/index/ID/728
割烹旅館 岡屋,おかや,424-0205,静岡県,静岡市清水区,興津本町6,,35.0496589,138.5201265,江戸時代慶応年間創業の老舗旅館。健康志向だった家康が好んで食べた興津鯛をはじめ、鮮度抜群のしずまえ鮮魚を使った伝統の和風創作料理が自慢です。(興津鯛は要予約）静岡市公衆無線LAN「Shizuoka Wi-Fi Paradise」の利用が可能です。,,,,,054-369-0018,http://shizuokapassport.jp/shop/detail/?shop_id=42640&site_id=9
地魚専門店 丼兵衛,,424-0067,静岡県,静岡市清水区,島崎町149清水魚市場「河岸の市」まぐろ館2F,,35.0203235,138.4906467,白身の大トロと呼ばれるあぶらぼうず。この幻の深海魚をはじめとした駿河湾で獲れる地魚と、河岸の市で唯一ふぐを扱う店。隣接のいちば館に店を構える鮮魚店が経営しているので、その目利きは確かなもの。日替りの海鮮丼には、その日のおすすめが4～6種類のる。お子さま連れも気兼ねのない8名用座敷席もあり。,10:00～22:00（L.O.21:00）,無休（水の夜のみ不定休あり）,,,054-353-5544,http://shizuoka.womo.jp/gourmet/shop/index/ID/772
まぐろや やす兵衛,,424-0823,静岡県,静岡市清水区,島崎町149清水魚市場「河岸の市」いちば館,,35.0203235,138.4906467,平成13年の河岸の市オープン時より営業を続ける、いちば館でも歴史ある店。一杯で7種類の新鮮なネタが楽しめる海鮮丼は、ボリュームたっぷりの人気メニュー。マグロ問屋直営だからできる、稀少部位をふんだんに使った「まぐろほほ肉ステーキ丼」1000円(税込)も、一度は食べてみたい。にぎり寿司もおすすめ。,11:00～17:30,水曜（祝日の場合は営業）,,,054-355-5152,http://shizuoka.womo.jp/gourmet/shop/index/ID/773
魚新,うおしん,424-0886,静岡県,静岡市清水区,草薙1-8-20,,35.002152,138.4418651,"昔ながらの魚屋さん「魚新」は、俳優・柴田恭兵さんの実家としても有名。
鮮魚のほかに、魚の煮つけや焼き魚などのお惣菜も店頭に並ぶ。",10:00?19:00,日曜日,,,054-345-7631,
みやもと 河岸の市店,,424-0823,静岡県,静岡市清水区,島崎町149,清水魚市場河岸の市 いちば館,35.0203235,138.4906467,清水魚市場河岸の市オープンと同時に開店して15年。当時は珍しかった仲卸業者経営の飲食店として、ここにしかできない鮮度と価格の丼メニューが楽しめる。特に、まぐろに出逢って50年という社長自ら仕入れてくるマグロは天下一品。その旨みを試すなら、厚切りマグロたっぷりの「本マグロ丼」がオススメだ。板前が調理を担うみやもとには揚げ物も多い。特大アナゴが丸ごと1本のった「あなご天丼」もやはり捨てがたい。,10:00?17:00,清水魚市場河岸の市の休みに準ずる,,,0543-51-9141,http://shizuoka.womo.jp/gourmet/shop/index/ID/945
地酒 地魚 おおいし,,421-0122,静岡県,静岡市駿河区,用宗1-34-21,,34.9257093,138.3682261,創業46年、安くて良い魚を使った魚料理に常連も多く、遠方から食べに来る人も少なくない。煮魚・焼き魚・煮魚などメニューにない料理も可能。なかでも、ここで刺身を食べる人は他では食べない、というほど刺身に定評がある。ぬか床45年自家製お新香も見逃せない。,11:30?14:00、17:30?21:30,月曜、第1・3火曜,,,054-259-6557,http://shizuoka.womo.jp/gourmet/shop/index/ID/936
魚市場食堂,,424-0823,静岡県,静岡市清水区,島崎町149,清水魚市場 河岸の市 まぐろ館,35.0203235,138.4906467,清水魚市場の直営店で、特にマグロを使った定食が充実。「漬けマグロいっぱい丼」が名物で、客がストップをかけるまで好きな分だけ、ぶつ切りマグロを盛ってもらえる。ネタは魚市場でその日セリにかけられたものを使うため、仕入れによってメニューが変わるのも魅力。,10:30～16:00（土・日曜は10:00?）,水曜、河岸の市の休みに準ずる,,,054-351-7113,http://shizuoka.womo.jp/gourmet/shop/index/ID/946
すし処 銀太,,421-3103,静岡県,静岡市清水区,由比今宿165,,35.0982576,138.5531195,由比駅近くにある鮨店。地魚の旨みを最大限に引き出すため、仕入れた魚は新鮮なうちに徹底的な下処理をした後、しばらく熟成させるそう。由比の根付き魚で、定置網漁によって漁獲される「倉沢のアジ」も登場することがある。サクラエビとハダカイワシを食べて育ち、たっぷりと脂ののったその味は感動もの。,11:00～夕方（日によって変動）,無休（仕入れの状況によって臨時休あり）,,,054-375-3004,http://shizuoka.womo.jp/gourmet/shop/index/ID/954
漁協直営　どんぶりハウス,ぎょきょうちょくえいどんぶりはうす,421-0122,静岡県,静岡市駿河区,用宗2-18-1,,34.92495203,138.3678695,"「生シラスを多くの人に食べてもらいたい」そんな思いから、シラスで有名な用宗の漁協が始めた同店。市場直送、ピチピチプリプリのシラスを低価格で味わえる。荒天でシラスが獲れない日や、1月15日?3月下旬の禁漁時以外なら、ぜひその食感を楽しんで。
※しらす漁禁漁期（1月15日～3月20日）中は生シラス丼の販売は行っておりません。",11:00?14:00,"お盆、年末年始、しらす漁禁漁期は木曜定休。
ただし、荒天時は臨時休業することがあります。",,,054-259-2111,
魚格　出口鮮魚店,うおかく　でぐちせんぎょてん,424-0206,静岡県,静岡市清水区,興津清見寺町97,,35.0466676,138.5124663,"昭和の初期から続く老舗の鮮魚店。魚のプロが作る特製のはんぺんは、弾力と固さが特徴。骨ごと使っているのでカルシウムも豊富で人気の商品。

遠方からも絶えずお客様が来店する知名度抜群の人気の鮮魚店。港から近い地の利を活かし、駿河湾の地の魚をふんだんに使った刺身の豊富な品揃えが自慢です。お店オリジナルの揚げはんぺんなど、美味しい加工品もあります。
港から近い地の利を活かし、駿河湾の地の魚をふんだんに使った刺身の豊富な品揃えが自慢です。
お店オリジナルの揚げはんぺんなど、美味しい加工品もあります。",9:00～18:00,土曜,,,054-369-0336,
柿屋,,420-0011,静岡県,静岡市葵区,安西1-75,,34.979928,138.373135,美味しい『しずまえ鮮魚』を食べるならココ！,,,,,054-271-1388,
割烹 魚長,,420-0011,静岡県,静岡市葵区,安西5-76-1,,34.976723,138.365508,美味しい『しずまえ鮮魚』を食べるならココ！,,,,,054-271-0829,
(株)魚長支店,,420-0011,静岡県,静岡市葵区,安西5-78,,34.976537,138.365533,美味しい『しずまえ鮮魚』を始めとした水産物を買うならココ！,,,,,054-271-7312,
八百清ストアー,,420-0882,静岡県,静岡市葵区,安東1-18-14,,34.986602,138.38292,美味しい『しずまえ鮮魚』を始めとした水産物を買うならココ！,,,,,054-246-8632,
魚貞,,428-0504,静岡県,静岡市葵区,井川925,,35.22127,138.240745,美味しい『しずまえ鮮魚』を始めとした水産物を買うならココ！,,,,,054-260-2018,
山金スーパー,,420-0966,静岡県,静岡市葵区,羽高54-2,山金スーパー,35.036119,138.392655,美味しい『しずまえ鮮魚』を始めとした水産物を買うならココ！,,,,,054-246-2895,
くさか水産,,421-1217,静岡県,静岡市葵区,羽鳥本町4-28,,34.983994,138.330204,美味しい『しずまえ鮮魚』を始めとした水産物を買うならココ！,,,,,054-278-5295,
桜寿し,,420-0835,静岡県,静岡市葵区,横田町4-13,,34.977062,138.394275,しずまえ鮮魚を美味しいお寿司で食べるならここ！,,,,,054-252-3674,
あづま魚店,,420-0861,静岡県,静岡市葵区,丸山町9,,34.98528,138.376682,美味しい『しずまえ鮮魚』を始めとした水産物を買うならココ！,,,,,054-245-0976,
寿司割烹船正,,420-0046,静岡県,静岡市葵区,吉野町５－３,,34.966299,138.379563,しずまえ鮮魚を美味しいお寿司で食べるならここ！,,,,,054-251-2703,
魚定,,420-0015,静岡県,静岡市葵区,錦町29,,34.97659,138.374902,美味しい『しずまえ鮮魚』を始めとした水産物を買うならココ！,,,,,054-252-2502,
マルシェ青木,,420-0042,静岡県,静岡市葵区,駒形通4-11-19,,34.965849,138.376038,美味しい『しずまえ鮮魚』を始めとした水産物を買うならココ！,,,,,054-254-5617,
(有)鮮魚日の出,,420-0042,静岡県,静岡市葵区,駒形通4-3-21,,34.966302,138.376333,美味しい『しずまえ鮮魚』を始めとした水産物を買うならココ！,,,,,054-253-4447,
沙沙亭,,420-0812,静岡県,静岡市葵区,古庄3-5-13,,34.995338,138.418295,美味しい『しずまえ鮮魚』を食べるならココ！,,,,,054-263-4645,
どんぶりや,,420-0031,静岡県,静岡市葵区,呉服町2-1-12,冨吉ビル,34.974907,138.382574,美味しい『しずまえ鮮魚』を食べるならココ！,,,,,054-653-6005,
マルカイ呉服町店,まるかいごふくちょうてん,420-0031,静岡県,静岡市葵区,呉服町2-5-4,,34.974472,138.383264,静岡市役所すぐ側。シラスをはじめ、地元の美味しいお魚、お総菜を中心に販売しております。お客様のご来店お待ちしております。,11:00～19:00,日曜日定休,,,054-272-2822,marukai1.com
活鮮家 もへゑ,,420-0031,静岡県,静岡市葵区,呉服町2-9-11,,34.973604,138.383851,美味しい『しずまえ鮮魚』を食べるならココ！,,,,,054-253-5575,
驛前松乃鮨,,420-0857,静岡県,静岡市葵区,御幸町９－３,,34.97336,138.387562,しずまえ鮮魚を美味しいお寿司で食べるならここ！,,,,,054-251-0123,
海ぼうずアスティ店,うみぼうず,420-0851,静岡県,静岡市葵区,黒金町4,,34.970843,138.388418,静岡駅構内にあり入口の静岡おでんが目印。しずまえ鮮魚と静岡の地酒がピッタリです！,11:00～23:00,無し,無し,,054-202-1500,http://www.shouetsu.co.jp/
ゆい桜えび館,ゆいさくらえびかん,420-0851,静岡県,静岡市葵区,黒金町49,食彩館,34.972168,138.38874,駿河湾の特産品、桜えび、しらすなど数多くの名産品を取り揃えた由比の観光施設「ゆい桜えび館」のパルシェ店。直売ならではの商品の数々を取り揃えております。,9:30～21:00,無休,,,054-273-3031,http://www.parche.co.jp/shopinfo/yui-sakuraebikan/
魚の北辰,さかなのほくしん,420-0851,静岡県,静岡市葵区,黒金町49,食彩館,34.972168,138.38874,貝類、干物、お刺身と豊富な品揃えの鮮魚店。その日水揚げされた地元の魚が自慢です。,9:30～21:00,無休,,,054-271-9274,http://www.parche.co.jp/shopinfo/sakana-hokushin/
伸漁丸,しんりょうまる,420-0851,静岡県,静岡市葵区,黒金町49,食彩館,34.972168,138.38874,おいしい干物・塩干物を取り扱っているお店。美味しい釜揚げしらすが自慢です。,9:30～21:00,無休,,,054-271-3443,http://www.parche.co.jp/shopinfo/shinryomaru/
水産商協直営店,,420-0851,静岡県,静岡市葵区,黒金町54-3,アスティ静岡東館,34.970935,138.386354,美味しい『しずまえ鮮魚』を始めとした水産物を買うならココ！,,,,,054-288-1621,
水産商協よって家,,420-0851,静岡県,静岡市葵区,黒金町54-4,アスティ静岡東館,34.970935,138.386354,美味しい『しずまえ鮮魚』を食べるならココ！,,,,,054-288-1662,
浮月楼 浮殿,ふげつろう　うきどの,420-0852,静岡県,静岡市葵区,紺屋町11-1,,34.972224,138.384918,しずまえ鮮魚を食べるならここ！,【昼食】11:30～14:00【夕食】17:00～21:00,月曜日,50台,,054-252-0131,http://www.fugetsuro.co.jp/ukidono/
樹,,420-0852,静岡県,静岡市葵区,紺屋町12-14,クニヨシビル1F,34.972551,138.384576,美味しい『しずまえ鮮魚』を食べるならココ！,,,,,054-272-2236,
寿し幸 実宇栄,,420-0852,静岡県,静岡市葵区,紺屋町13-6,,34.972179,138.384471,しずまえ鮮魚を美味しいお寿司で食べるならここ！,,,,,054-221-3888,
入船鮨 葵タワー店,,420-0852,静岡県,静岡市葵区,紺屋町17-1,地下１階,34.972754,138.386376,美味しい『しずまえ鮮魚』を食べるならココ！,,,,,054-251-9178,
鯛や,たいや,420-0852,静岡県,静岡市葵区,紺屋町4-25,,34.97299,138.384851,静岡のおいしさ・豊かさ・温かさを実感して下さい。静岡駅には5分でいけます。,16:30～23:30（L.O.）,日,無し,,054-254-0713,
たかの,,420-0852,静岡県,静岡市葵区,紺屋町5-4,,34.972551,138.385329,美味しい『しずまえ鮮魚』を食べるならココ！,,,,,054-251-0131,
魚佐,,421-1213,静岡県,静岡市葵区,山崎1-23-1,,34.977784,138.353668,美味しい『しずまえ鮮魚』を始めとした水産物を買うならココ！,,,,,054-278-6092,
覚弥別墅,かくやべっしょ,420-0035,静岡県,静岡市葵区,七間町1-15,,34.974434,138.381815,倉沢鯵　由比港鮮魚の専門店,11:30～14:30、17:30～22:30,無し,無し,,054-255-3388,
日本酒処 きんのお燗,,420-0035,静岡県,静岡市葵区,七間町10-11,,34.973035,138.381013,美味しい『しずまえ鮮魚』を食べるならココ！,,,,,054-653-4300,
三日月,,420-0035,静岡県,静岡市葵区,七間町13-13,,34.972668,138.380788,美味しい『しずまえ鮮魚』を食べるならココ！,,,,,054-253-0447,
天文本店,てんぶんほんてん,420-0035,静岡県,静岡市葵区,七間町14-3,,34.972218,138.380196,創業明治12年の老舗、天婦羅専門店「天文本店」。静岡市の中心部にある、桜海老を使った天婦羅料理も多い明治12年創業の老舗店です。2003年末に、お店を全面改装し、新たな気持ちで老舗の味を守りつづけております。桜海老のかき揚げ丼をはじめ、桜海老を使ったお茶漬け、鰻も名物としてお出ししています。 また、当店おすすすめの天茶だけを食べに来られる方も多くいらっしゃいます。その他、各種コース料理、大小各種宴会も承っておりますので、お気軽にお問い合わせ下さいませ。,【昼】11:00～14:30／【夜】17:00～21:00、（土・日・祝日は11:00～21:00）,不定休,近くに契約駐車場有,,054-252-0510,http://tenbun-shizuoka.com
乃だや,,420-0035,静岡県,静岡市葵区,七間町16-10,,34.97191,138.379366,美味しい『しずまえ鮮魚』を食べるならココ！,,,,,054-254-2919,
料理と咲け とが路,,420-0035,静岡県,静岡市葵区,七間町9-5,トレンズビル1F奥,34.972862,138.381349,美味しい『しずまえ鮮魚』を食べるならココ！,,,,,054-273-5218,
塩澤魚店,,420-0948,静岡県,静岡市葵区,秋山町8-9,,35.003548,138.363505,美味しい『しずまえ鮮魚』を始めとした水産物を買うならココ！,,,,,054-271-6811,
(有)天峰,（ユウ）テンミネ,420-0036,静岡県,静岡市葵区,駿河町6-3,,34.971165,138.379521,美味しい『しずまえ鮮魚』を食べるならココ！,11:00～14:0016:30～20:00,木曜,一台＋近隣のコインパーキングと提携,,054-255-0131,http://www.tenmine.com
菖蒲,,420-0871,静岡県,静岡市葵区,昭府1-10-25,,34.996382,138.370146,美味しい『しずまえ鮮魚』を食べるならココ！,,,,,054-272-5120,
福一漁業(株)昭府店,,420-0871,静岡県,静岡市葵区,昭府1-18-15,,34.999915,138.370777,美味しい『しずまえ鮮魚』を始めとした水産物を買うならココ！,,,,,054-273-2913,
佐藤鮮魚店,,420-0871,静岡県,静岡市葵区,昭府2-23-1,,35.00262,138.37069,美味しい『しずまえ鮮魚』を始めとした水産物を買うならココ！,,,,,054-237-2645,
茄子の花 無庵,なすのはなむあん,420-0033,静岡県,静岡市葵区,昭和町1-4,,34.972143,138.384093,毎日由比港より直接しずまえ鮮魚が届きます。,11:30～14:30 17:30～22:30,無し,無し,,054-273-8855,
割烹・海さか,,420-0033,静岡県,静岡市葵区,昭和町3-1,静岡昭和町ビル101号,34.972018,138.383457,美味しい『しずまえ鮮魚』を食べるならココ！,,,,,054-250-2685,
虹,にじ,420-0033,静岡県,静岡市葵区,昭和町3-14,晴天堂ビル1-Ｂ,34.971907,138.383176,ごはんとお酒が楽しめる虹。レトロな空間でこじんまりとしずまえ鮮魚をお楽しみください！,"火～木19:00～翌5:00
金～日18:00～翌5:00",月曜日,無し,,054-251-6166,
居酒屋 たぬき,,420-0033,静岡県,静岡市葵区,昭和町3-5,昭和ビル,34.972051,138.383362,美味しい『しずまえ鮮魚』を食べるならココ！,,,,,054-253-1117,
鈴木鮮魚店,,420-0841,静岡県,静岡市葵区,上足洗4-4-4,フレッシュマツバ,34.992082,138.395186,美味しい『しずまえ鮮魚』を始めとした水産物を買うならココ！,,,,,054-246-8935,
むさし,,420-0805,静岡県,静岡市葵区,城北2-2-19,,35.002459,138.391377,美味しい『しずまえ鮮魚』を食べるならココ！,,,,,054-247-1911,
萬福酒家,,420-0034,静岡県,静岡市葵区,常磐町1-1-3,グリフィンビル1F,34.972637,138.383121,美味しい『しずまえ鮮魚』を食べるならココ！,,,,,054-272-8998,
食彩 岩生,いわお,420-0034,静岡県,静岡市葵区,常磐町1-2-1,フレンド久喜ビル１Ｆ,34.972848,138.382518,旬のしずまえ鮮魚とオクシズ野菜を使用した「和・創作居酒屋」気軽に和食を楽しむならココ。深夜遅くまでの営業もうれしい！！,17:00～翌3:00,無し,無し,,054-221-4561,Http://iwaoiwao.com
とみ井,とみい,420-0034,静岡県,静岡市葵区,常磐町1-2-7,冨井ビル1階,34.975364,138.38459,ご接待はもちろん、両家の顔合わせ、ご家族、ご友人の誕生日、結婚記念日、還暦祝い、ご法事などさまざまな宴会にご利用いただいております。美味しいお酒とお料理を囲んで大切なひとときをお過ごしください。歓送迎会、忘新年会、ゴルフの打ち上げ、結婚式の2次会など様々な宴会にもご利用いただけます。,11:30～13:30　17:00～22:00,日曜日,無し,,054-274-0666,http://tomi-i.jp/
勇夢路,,420-0034,静岡県,静岡市葵区,常磐町1-5-1,村田ビル２F,34.972349,138.382824,美味しい『しずまえ鮮魚』を食べるならココ！,,,,,054-253-5121,
飛八,,420-0034,静岡県,静岡市葵区,常磐町1-5-4,パレスビル１F E,34.972165,138.382835,美味しい『しずまえ鮮魚』を食べるならココ！,,,,,054-221-5685,
ぽん吉,,420-0034,静岡県,静岡市葵区,常磐町1-5-7,,34.972207,138.383082,美味しい『しずまえ鮮魚』を食べるならココ！,,,,,054-251-6288,
車や,くるまや,420-0034,静岡県,静岡市葵区,常磐町2-2-16,,34.971546,138.381974,しらす、桜えびはもとより、鯵に太刀魚、時には赤ムツも入ります。地場の美味しさこの上なしです。,17:00～21:30L.O.,日,無し,,054-255-5004,
蛍ヶ丘ショッピングセンター,,421-1201,静岡県,静岡市葵区,新間260-1,,34.987592,138.307517,美味しい『しずまえ鮮魚』を始めとした水産物を買うならココ！,,,,,054-278-7670,
神田魚店,,420-0065,静岡県,静岡市葵区,新通1-3-24,,34.97084,138.375958,美味しい『しずまえ鮮魚』を始めとした水産物を買うならココ！,,,,,054-252-6359,
宮﨑水産,,420-0061,静岡県,静岡市葵区,新富町1-3-10,,34.974562,138.367772,美味しい『しずまえ鮮魚』を始めとした水産物を買うならココ！,,,,,054-251-1355,
Razza Rossa,,420-0037,静岡県,静岡市葵区,人宿町1-3-12,森田ビル102号,34.973457,138.379438,美味しい『しずまえ鮮魚』を食べるならココ！,,,,,054-205-8444,
寿し市,,420-0037,静岡県,静岡市葵区,人宿町1-3-17,,34.973662,138.379343,美味しい『しずまえ鮮魚』を食べるならココ！,,,,,054-252-0456,
福助,,420-0037,静岡県,静岡市葵区,人宿町2-4-5,,34.972296,138.378918,美味しい『しずまえ鮮魚』を食べるならココ！,,,,,054-253-3288,
魚仲増田商店,,420-0008,静岡県,静岡市葵区,水道町1-5,,34.98535,138.370402,美味しい『しずまえ鮮魚』を始めとした水産物を買うならココ！,,,,,054-271-1133,
芦家 丈左衛門,,420-0913,静岡県,静岡市葵区,瀬名川1-21-30,,35.005493,138.426613,美味しい『しずまえ鮮魚』を食べるならココ！,,,,,054-208-2662,
マツシタ鮮魚店,,420-0916,静岡県,静岡市葵区,瀬名中央3-28-59,,35.011417,138.422297,美味しい『しずまえ鮮魚』を始めとした水産物を買うならココ！,,,,,054-261-9331,
鈴木鮮魚店,,420-0916,静岡県,静岡市葵区,瀬名中央3-28-83,,35.010492,138.42238,美味しい『しずまえ鮮魚』を始めとした水産物を買うならココ！,,,,,054-261-1883,
あさひ,,420-0866,静岡県,静岡市葵区,西草深町28-4,,34.982883,138.377371,美味しい『しずまえ鮮魚』を食べるならココ！,,,,,054-245-6983,
忠ちゃん,,420-0803,静岡県,静岡市葵区,千代田6-30-33,,34.998996,138.408951,美味しい『しずまえ鮮魚』を食べるならココ！,,,,,054-689-3494,
千代田吉野鮨,,420-0923,静岡県,静岡市葵区,川合2-1-17,,35.002351,138.416092,しずまえ鮮魚を美味しいお寿司で食べるならここ！,,,,,054-261-9830,
かどや,,420-0838,静岡県,静岡市葵区,相生町14-27,相生スカイビル,34.976968,138.392434,美味しい『しずまえ鮮魚』を食べるならココ！,,,,,054-251-0859,
太田町市場,,420-0845,静岡県,静岡市葵区,太田町21,,34.982817,138.393208,美味しい『しずまえ鮮魚』を始めとした水産物を買うならココ！,,,,,054-245-6410,
(株)大正水産,,420-0845,静岡県,静岡市葵区,太田町40-3,,34.984517,138.393089,美味しい『しずまえ鮮魚』を始めとした水産物を買うならココ！,,,,,054-248-1241,
(有)海豪,,420-0886,静岡県,静岡市葵区,大岩2-1-1,,34.994821,138.382895,美味しい『しずまえ鮮魚』を始めとした水産物を買うならココ！,,,,,054-209-6363,
築地 中島水産,,420-8508,静岡県,静岡市葵区,鷹匠1-1-1（静鉄ストア,新静岡セノバ店内）,34.975873,138.387545,美味しい『しずまえ鮮魚』を始めとした水産物を買うならココ！,,,,,054-266-5251,
ホテイヤ,,420-0839,静岡県,静岡市葵区,鷹匠1-2-15,セリーズビル２F,34.975912,138.386504,美味しい『しずまえ鮮魚』を食べるならココ！,,,,,054-251-8027,
しずや,しずや,420-0839,静岡県,静岡市葵区,鷹匠2-10-8（パサージュ鷹匠１F）,,34.978096,138.389599,地元用宗のしらすをはじめ、お魚本来の美味しさを一人でも多くのお客様にお届けいたしたく、干物、漬け魚などこだわり商品を取りそろえてお待ちしております。,10:00～18:00,不定休,,,054-273-1660,marukai1.com
NEO TABLA Ｚａｐｐａ,,420-0839,静岡県,静岡市葵区,鷹匠2-15-10,山梨ビル1F,34.977034,138.389823,美味しい『しずまえ鮮魚』を食べるならココ！,,,,,054-253-5255,
キャラバン,,420-0839,静岡県,静岡市葵区,鷹匠2-25-17,チサンクロスロード鷹匠１F,34.976018,138.389987,美味しい『しずまえ鮮魚』を食べるならココ！,,,,,054-255-3539,
魚扇,,420-0839,静岡県,静岡市葵区,鷹匠2-3-9,,34.979548,138.387856,美味しい『しずまえ鮮魚』を始めとした水産物を買うならココ！,,,,,054-253-4553,
てんぷら成生,,420-0839,静岡県,静岡市葵区,鷹匠2-5-12,,34.977642,138.388401,美味しい『しずまえ鮮魚』を食べるならココ！,,,,,054-273-0703,
オステリア ティアロカ,,420-0839,静岡県,静岡市葵区,鷹匠2丁目13-11-1F,,34.977259,138.390042,美味しい『しずまえ鮮魚』を食べるならココ！,【ランチ】（月・火・木・土・日曜）11:30～13:30（L.O.）／【ディナー】（月・火・木・日曜）17:30～21:00（L.O.）、（金・土曜・祝前日）17:30～22:00（L.O.）,水曜日、金曜ランチ,,,054-266-5495,http://www.osteria-tialoca.com/
魚谷長久,うおやながひさ,420-0839,静岡県,静岡市葵区,鷹匠3-22-5,,34.978356,138.390578,天然南鮪　しずまえ鮮魚専門店,11:30～14:30、17:30～23:00,無し,提携駐車場あり,,054-255-8886,
魚進,,420-0813,静岡県,静岡市葵区,長沼631,,34.98852,138.412826,美味しい『しずまえ鮮魚』を始めとした水産物を買うならココ！,,,,,054-261-8626,
吽治,うんじ,420-0858,静岡県,静岡市葵区,伝馬町6-1,SHIZUOKA109ビル６Ｆ,34.974468,138.387451,日本料理専門調理師たちが趣向を凝らす「しずまえ鮮魚使用のコースの数々」が大人気！鋭く光る技の数々に感動まちがいなし！,（昼）11:00～15:00（夜）17:00～23:00,月曜（予約は応相談）,無し,,054-252-3200,Http://un-ji.com
のみくい屋 TERU,,420-0858,静岡県,静岡市葵区,伝馬町8-13,ウエノビル1F,34.975109,138.387912,美味しい『しずまえ鮮魚』を食べるならココ！,,,,,054-251-5567,
魚匠 ととや,,420-0858,静岡県,静岡市葵区,伝馬町8-9,,34.974951,138.387956,美味しい『しずまえ鮮魚』を食べるならココ！,,,,,054-274-0077,
魚晴,,420-0068,静岡県,静岡市葵区,田町1-54-1,,34.975734,138.363609,美味しい『しずまえ鮮魚』を始めとした水産物を買うならココ！,,,,,054-252-2738,
魚吉,,420-0068,静岡県,静岡市葵区,田町1-9,,34.975612,138.366189,美味しい『しずまえ鮮魚』を始めとした水産物を買うならココ！,,,,,054-253-9042,
魚鉱,,420-0956,静岡県,静岡市葵区,南1451,,35.020329,138.386931,美味しい『しずまえ鮮魚』を始めとした水産物を買うならココ！,,,,,054-245-9643,
静岡第一水産(株),,420-0072,静岡県,静岡市葵区,二番町1-18,,34.97472,138.374163,美味しい『しずまえ鮮魚』を始めとした水産物を買うならココ！,,,,,054-252-3111,
オステリア・イル・カスターニョ,,420-0843,静岡県,静岡市葵区,巴町48,,34.984886,138.394053,美味しい『しずまえ鮮魚』を食べるならココ！,,,,,054-247-0709,
【重複・削除】日本料理 うおかね,にほんりょうりうおかね,420-0867,静岡県,静岡市葵区,馬場町33,,34.978912,138.378254,創業嘉永弐年(1849年)より地元食材を中心に提供しています。特に駿河湾特産の桜海老のかき揚げはそのままで食べれる味と冷めてもサクサクがある絶品。また桜海老を練り込んだ桜海老団子は当店でしか味わえない一品で御土産にも最適。最近人気なのは徳川家康公が好んだ鯛の天婦羅や曜日限定の桜海老と卵の天丼「駿河月見丼」も。,【コース御予約】11:00～21:00【フリー】11:30～14:00、17:30～21:00,月(コース予約は営業),有り(2台),,054-252-0394,http://www2.wbs.ne.jp/~uokane/
シンプルズ,,420-0867,静岡県,静岡市葵区,馬場町39-3,山本ビル,34.979273,138.378182,美味しい『しずまえ鮮魚』を食べるならココ！,,,,,054-221-7733,
八千代寿し鐵,,420-0013,静岡県,静岡市葵区,八千代町63-4,,34.978528,138.37511,しずまえ鮮魚を美味しいお寿司で食べるならここ！,,,,,054-255-5511,
魚利,,420-0881,静岡県,静岡市葵区,北安東3-14-23,,35.000595,138.386445,美味しい『しずまえ鮮魚』を始めとした水産物を買うならココ！,,,,,054-246-0726,
廻船漁港 福一丸,かいせんぎょこう　ふくいちまる,420-0821,静岡県,静岡市葵区,柚木191（マークイズ静岡３階）,,34.984281,138.40946,市場直送の新鮮地魚と福一漁業自慢の天然南まぐろが納得価格で食べられる船元直営の回転寿司です。,11:00～22:00,年中無休,"有(1,893台)",,054-655-2910,http://gyokofukuichimaru.com/
小倉屋(株),,420-0922,静岡県,静岡市葵区,流通センター5-6,,35.01473,138.403729,美味しい『しずまえ鮮魚』を始めとした水産物を買うならココ！,,,,,054-263-2581,
静岡イタリアン GENTILE,,420-0032,静岡県,静岡市葵区,両替町1-3-39,MA館B-1,34.97469,138.379568,美味しい『しずまえ鮮魚』を食べるならココ！,,,,,054-255-5577,
日本酒酒場 萬惣屋,,420-0032,静岡県,静岡市葵区,両替町1-4-8,キャッスルホテル佐乃春１F,34.97517,138.379685,美味しい『しずまえ鮮魚』を食べるならココ！,,,,,054-253-0088,
魚喜,,420-0032,静岡県,静岡市葵区,両替町2-1-5,,34.973962,138.382065,美味しい『しずまえ鮮魚』を始めとした水産物を買うならココ！,,,,,054-252-0721,
三笑亭本店,さんしょうていほんてん,420-0032,静岡県,静岡市葵区,両替町2-2-2,,34.973723,138.38169,こだわりの静岡県産牛肉とともに、しずまえ鮮魚を楽しめるお店です。,11:00～14:00、17:00～22:30（L.O.21:00）,日,無し,,054-252-2136,
くいもんや 華音,,420-0032,静岡県,静岡市葵区,両替町2-5-8,新加茂川ビル2F,34.973348,138.383796,美味しい『しずまえ鮮魚』を食べるならココ！,,,,,054-273-8591,
入船鮨 両替町店,,420-0032,静岡県,静岡市葵区,両替町2-7-10,,34.972815,138.383912,美味しい『しずまえ鮮魚』を食べるならココ！,,,,,054-252-9178,
菊正,,420-0032,静岡県,静岡市葵区,両替町2-7-5,,34.972962,138.383468,美味しい『しずまえ鮮魚』を食べるならココ！,,,,,054-253-1586,
(有)魚武,,420-0873,静岡県,静岡市葵区,篭上4-16,,34.993053,138.369088,美味しい『しずまえ鮮魚』を始めとした水産物を買うならココ！,,,,,054-271-1070,
旬ごよみ鳥幸 さつき町店,,422-8078,静岡県,静岡市駿河区,さつき町6-10,,34.975676,138.399175,美味しい『しずまえ鮮魚』を食べるならココ！,,,,,054-289-5630,
神谷魚店,,422-8062,静岡県,静岡市駿河区,稲川1-2-17,,34.967919,138.391015,美味しい『しずまえ鮮魚』を始めとした水産物を買うならココ！,,,,,054-285-3093,
三六,,422-8062,静岡県,静岡市駿河区,稲川3-6-24,,34.968021,138.394134,美味しい『しずまえ鮮魚』を食べるならココ！,,,,,054-282-7987,
魚ひろ,,421-0103,静岡県,静岡市駿河区,丸子3-7-2-101号,,34.945952,138.352622,美味しい『しずまえ鮮魚』を始めとした水産物を買うならココ！,,,,,054-256-3703,
待月楼,たいげつろう,421-0103,静岡県,静岡市駿河区,丸子3305,,34.957383,138.333423,"大正八年創業、森や竹林に囲まれた約1000坪の敷地に建つ数寄屋造りの料亭が待月楼です。今から約500年前の室町時代、連歌師宗長が結んだ草庵、吐月峰柴屋寺の茶室の名が「待月」であり、「待月楼」の名はその茶室に由来します。

贅沢な空間と時間、旬の素材を使った懐石料理と伝統のとろろ汁の組み合わせは、世代をこえてお客様に喜ばれております。日本の伝統を伝えつつ新しい風を取り入れた空間の中で、心行くまで四季の味と、自然のおもてなしをご堪能ください。",,,,,054-259-0181,
高松水産,,422-8035,静岡県,静岡市駿河区,宮竹2-24-11-41,,34.950318,138.420854,美味しい『しずまえ鮮魚』を始めとした水産物を買うならココ！,,,,,054-237-8778,
我が家,,422-8006,静岡県,静岡市駿河区,曲金2-1-39,,34.975654,138.403563,美味しい『しずまえ鮮魚』を食べるならココ！,,,,,054-283-7272,
スーパーおさだ(株),,421-0101,静岡県,静岡市駿河区,向敷地87-1,,34.954967,138.360557,美味しい『しずまえ鮮魚』を始めとした水産物を買うならココ！,,,,,054-259-1575,
マルナカ水産,,421-0121,静岡県,静岡市駿河区,広野3-24-5,,34.930137,138.366993,美味しい『しずまえ鮮魚』を始めとした水産物を買うならココ！,,,,,054-257-3820,
貴乃,,421-0121,静岡県,静岡市駿河区,広野4-12-8,,34.926065,138.369718,美味しい『しずまえ鮮魚』を食べるならココ！,,,,,054-258-2818,
Sarry's Caf?,,421-0121,静岡県,静岡市駿河区,広野5-11-5,,34.925368,138.36952,美味しい『しずまえ鮮魚』を食べるならココ！,,,,,054-259-9961,
あがらい,,421-0121,静岡県,静岡市駿河区,広野5-12-18,,34.924823,138.369626,美味しい『しずまえ鮮魚』を食べるならココ！,,,,,054-257-7511,
カネタ田嶋商店,,421-0121,静岡県,静岡市駿河区,広野5-26-12,,34.924632,138.375526,美味しい『しずまえ鮮魚』を始めとした水産物を買うならココ！,,,,,054-259-2738,
大石商店,,422-8034,静岡県,静岡市駿河区,高松2277,,34.947327,138.419563,美味しい『しずまえ鮮魚』を始めとした水産物を買うならココ！,,,,,054-237-2525,
ヒシダイ大石商店,,422-8034,静岡県,静岡市駿河区,高松3373,,34.951685,138.422973,美味しい『しずまえ鮮魚』を始めとした水産物を買うならココ！,,,,,054-237-5221,
寿司光,,422-8004,静岡県,静岡市駿河区,国吉田4-25-8,,34.993081,138.435096,美味しい『しずまえ鮮魚』を食べるならココ！,,,,,054-262-1024,
魚芳,,422-8021,静岡県,静岡市駿河区,小鹿1-22-7,,34.97601,138.417987,美味しい『しずまえ鮮魚』を始めとした水産物を買うならココ！,,,,,054-285-5054,
長島商店,ながしましょうてん,422-8016,静岡県,静岡市駿河区,西平松484,,34.951177,138.440621,久能街道沿いにあり、店の前から駿河湾を一望できます,8:30～17:00,不定休,8台,,054-237-1265,
カネナカ商店,,421-0123,静岡県,静岡市駿河区,石部４,,34.917471,138.359868,美味しい『しずまえ鮮魚』を始めとした水産物を買うならココ！,,,,,054-259-2625,
海どん,,422-8062,静岡県,静岡市駿河区,泉町5-34,,34.967827,138.387576,美味しい『しずまえ鮮魚』を食べるならココ！,,,,,054-281-5465,
さかなや食堂,,422-8017,静岡県,静岡市駿河区,大谷448-1,,34.967942,138.426478,美味しい『しずまえ鮮魚』を食べるならココ！,,,,,054-283-3823,
寿限無,,421-0136,静岡県,静岡市駿河区,大和田8-7,,34.933689,138.357819,美味しい『しずまえ鮮魚』を食べるならココ！,,,,,054-259-5842,
カネナカ池田の森店,,422-8005,静岡県,静岡市駿河区,池田1269-1,,34.981549,138.430108,美味しい『しずまえ鮮魚』を始めとした水産物を買うならココ！,,,,,054-295-9684,
神田鮮魚店,,422-8058,静岡県,静岡市駿河区,中原321-1,サトウマート内,34.957514,138.386896,美味しい『しずまえ鮮魚』を始めとした水産物を買うならココ！,,,,,054-288-6630,
魚虎支店,,422-8041,静岡県,静岡市駿河区,中田2-6-2,,34.964919,138.39417,美味しい『しずまえ鮮魚』を始めとした水産物を買うならココ！,,,,,054-285-5492,
炙り焼＆銘酒 えん,,422-8043,静岡県,静岡市駿河区,中田本町17-18,,34.955037,138.395942,美味しい『しずまえ鮮魚』を食べるならココ！,,,,,054-284-6620,
魚貢,,422-8043,静岡県,静岡市駿河区,中田本町4-15,,34.958137,138.396473,美味しい『しずまえ鮮魚』を始めとした水産物を買うならココ！,,,,,054-282-6983,
魚壮,,422-8033,静岡県,静岡市駿河区,登呂5-13-18,,34.955576,138.405825,美味しい『しずまえ鮮魚』を始めとした水産物を買うならココ！,,,,,054-282-4715,
ちゃがま,,422-8033,静岡県,静岡市駿河区,登呂5-9-18,,34.957423,138.407408,美味しい『しずまえ鮮魚』を食べるならココ！,,,,,090-9948-1103,
魚誠,,421-0112,静岡県,静岡市駿河区,東新田4-17-6,,34.943213,138.375656,美味しい『しずまえ鮮魚』を始めとした水産物を買うならココ！,,,,,054-259-2569,
ル・コンテ,,422-8067,静岡県,静岡市駿河区,南町10-14,オラシオン南町Ⅱ1F,34.969985,138.38964,美味しい『しずまえ鮮魚』を食べるならココ！,,,,,054-266-3886,
静岡 十千花前,しずおかじゅっせんかぜん,422-8067,静岡県,静岡市駿河区,南町3-2,,34.969432,138.388809,毎日由比港より直接しずまえ鮮魚が届きます。,17:00～24:00,無し,無し,,054-280-0888,
二つ目商店,ふたつめしょうてん,422-8067,静岡県,静岡市駿河区,南町5-35,,34.969546,138.38984,注文が入ってから焼くカツオのたたきとしずまえ鮮魚が楽しめます！,15:00～24:00,日曜日,無し,,054-288-2121,http://www.shouetsu.co.jp/
海ぼうず本店,うみぼうずほんてん,422-8067,静岡県,静岡市駿河区,南町6-11,,34.969777,138.389609,静岡おでんのイベントで２度の優勝をした海ぼうず本店。おでんとしずまえ鮮魚で乾杯しましょう！,15:00～24:00,無し,無し,,054-284-8282,http://www.shouetsu.co.jp/
賎機はん兵衛,しずはたはんべい,422-8067,静岡県,静岡市駿河区,南町6-11,,34.969777,138.389609,名物黒はんべを目の前で手作りしてくれるのはここだけ！！出来立てを味わってください！！,15:00～24:00,無し,無し,,054-282-1600,http://www.shouetsu.co.jp/
入船鮨 南町店,,422-8067,静岡県,静岡市駿河区,南町6-6,,34.970002,138.389354,美味しい『しずまえ鮮魚』を食べるならココ！,,,,,054-282-1158,
しぞーかグルメ駅南酒場,えきなんさかば,422-8067,静岡県,静岡市駿河区,南町7-1,,34.970327,138.388826,とにかくしぞーかにこだわった元気な酒場。しぞーかグルメが存分に楽しめます！,15:00～24:00,無し,無し,,054-282-9100,http://www.shouetsu.co.jp/
みなみの勝手場 和夢,,422-8067,静岡県,静岡市駿河区,南町7-9,静雅ビル1F,34.969963,138.388698,美味しい『しずまえ鮮魚』を食べるならココ！,,,,,054-283-1756,
二光,,422-8067,静岡県,静岡市駿河区,南町8-8,,34.97041,138.388598,美味しい『しずまえ鮮魚』を食べるならココ！,,,,,054-285-1234,
大長鮨,,422-8063,静岡県,静岡市駿河区,馬渕2-13-14,,34.964858,138.386312,美味しい『しずまえ鮮魚』を食べるならココ！,,,,,054-286-1434,
馬渕大阪鮨,,422-8063,静岡県,静岡市駿河区,馬渕3-14-24,,34.962875,138.388096,しずまえ鮮魚を美味しいお寿司で食べるならここ！,,,,,054-285-3654,
レストラン セ・ラ・ヴィ,,422-8063,静岡県,静岡市駿河区,馬渕4-10-6,,34.96133,138.391684,美味しい『しずまえ鮮魚』を食べるならココ！,,,,,054-287-8115,
ゆたか鮮魚,,422-8063,静岡県,静岡市駿河区,馬渕4-13-26-D,,34.961155,138.389204,美味しい『しずまえ鮮魚』を始めとした水産物を買うならココ！,,,,,054-269-6733,
此花,,422-8063,静岡県,静岡市駿河区,馬渕4-14-5,,34.96125,138.388712,美味しい『しずまえ鮮魚』を食べるならココ！,,,,,080-2643-3388,
ひめの家,,422-8036,静岡県,静岡市駿河区,敷地2-21-7,,34.949735,138.415591,美味しい『しずまえ鮮魚』を食べるならココ！,,,,,054-237-3776,
入船鮨 登呂店,,422-8032,静岡県,静岡市駿河区,有東2-3-29,,34.961706,138.405866,美味しい『しずまえ鮮魚』を食べるならココ！,,,,,054-284-5151,
平安冷蔵直売所,,421-0122,静岡県,静岡市駿河区,用宗1-27-12,,34.926212,138.366118,美味しい『しずまえ鮮魚』を始めとした水産物を買うならココ！,,,,,054-259-2398,
幸八,,421-0122,静岡県,静岡市駿河区,用宗1-28-9,,34.92732,138.367112,美味しい『しずまえ鮮魚』を食べるならココ！,,,,,054-258-6603,
おおいし,,421-0122,静岡県,静岡市駿河区,用宗1-34-21,,34.925709,138.368226,美味しい『しずまえ鮮魚』を食べるならココ！,,,,,054-259-6557,
瑞穂水産,,421-0122,静岡県,静岡市駿河区,用宗1-35-11,,34.925071,138.367476,美味しい『しずまえ鮮魚』を始めとした水産物を買うならココ！,,,,,054-258-6498,
大漁丸直売所,,421-0122,静岡県,静岡市駿河区,用宗1-432,,34.926715,138.366632,美味しい『しずまえ鮮魚』を始めとした水産物を買うならココ！,,,,,054-257-3414,
懐石 かじ山,,421-0122,静岡県,静岡市駿河区,用宗2-13-13,,34.924754,138.365907,美味しい『しずまえ鮮魚』を食べるならココ！,,,,,054-256-2756,
武島,,421-0122,静岡県,静岡市駿河区,用宗2-13-9,,34.924946,138.366198,美味しい『しずまえ鮮魚』を食べるならココ！,,,,,054-250-7284,
カネカワたがた,,421-0122,静岡県,静岡市駿河区,用宗2-14-9,,34.924618,138.366396,美味しい『しずまえ鮮魚』を始めとした水産物を買うならココ！,,,,,054-258-6051,
アジア食堂 amakara,,421-0122,静岡県,静岡市駿河区,用宗2-17-11,,34.923762,138.366021,美味しい『しずまえ鮮魚』を食べるならココ！,,,,,090-8953-1328,
どんぶりハウス,,421-0122,静岡県,静岡市駿河区,用宗2-18-1,,34.924248,138.366432,美味しい『しずまえ鮮魚』を食べるならココ！,,,,,054-259-2111,
清水漁協用宗支所直売所,,421-0122,静岡県,静岡市駿河区,用宗2-18-1,,34.924248,138.366432,美味しい『しずまえ鮮魚』を始めとした水産物を買うならココ！,,,,,054-259-2111,
じゅん,,421-0122,静岡県,静岡市駿河区,用宗3-17-10,,34.920918,138.366699,美味しい『しずまえ鮮魚』を食べるならココ！,,,,,054-259-8635,
KURAYA KATO,,421-0122,静岡県,静岡市駿河区,用宗3-5-38,,34.92326,138.362829,美味しい『しずまえ鮮魚』を食べるならココ！,,,,,054-260-4959,
武島魚店,,421-0122,静岡県,静岡市駿河区,用宗4-4-5,,34.922765,138.362777,美味しい『しずまえ鮮魚』を始めとした水産物を買うならココ！,,,,,054-259-2345,
カネヒデ小林商店,,421-0122,静岡県,静岡市駿河区,用宗5-2-8,,34.921379,138.360977,美味しい『しずまえ鮮魚』を始めとした水産物を買うならココ！,,,,,054-259-2181,
マルカイ本店,まるかいほんてん,421-0122,静岡県,静岡市駿河区,用宗5-20-20,,34.919121,138.361954,しらすの町。用宗の地でしらす一筋60余年地域のお客様に愛されるよう努めております。,8:00～17:00,不定休,,,054-259-2329,marukai1.com
どんぶりやありがとう食堂,,424-0822,静岡県,静岡市清水区,旭町6-8,役所内,35.015891,138.489533,美味しい『しずまえ鮮魚』を食べるならココ！,,,,,054-368-4100,
魚光,,424-0114,静岡県,静岡市清水区,庵原町127-4,,35.044051,138.483655,美味しい『しずまえ鮮魚』を始めとした水産物を買うならココ！,,,,,054-366-7213,
魚鉄,,424-0114,静岡県,静岡市清水区,庵原町445-1,,35.047001,138.480167,美味しい『しずまえ鮮魚』を始めとした水産物を買うならココ！,,,,,054-366-7123,
ヒバリヤ高部店,ひばりやたかべてん,424-0008,静岡県,静岡市清水区,押切1941,,35.034665,138.456905,美味しい『しずまえ鮮魚』を始めとした水産物を買うならココ！,9:30～21:00,無し,あり,,054-348-1133,
紫栄,,424-0008,静岡県,静岡市清水区,押切593-2,,35.028536,138.458299,美味しい『しずまえ鮮魚』を食べるならココ！,,,,,054-346-4411,
魚多,,424-0008,静岡県,静岡市清水区,押切786-1,,35.028674,138.455519,美味しい『しずまえ鮮魚』を始めとした水産物を買うならココ！,,,,,054-346-1757,
魚金,,424-0036,静岡県,静岡市清水区,横砂西町5-4,,35.039144,138.497426,美味しい『しずまえ鮮魚』を始めとした水産物を買うならココ！,,,,,054-366-7085,
武蔵,,424-0036,静岡県,静岡市清水区,横砂西町8-34,,35.038388,138.495407,美味しい『しずまえ鮮魚』を食べるならココ！,,,,,054-366-1350,
小川商店,,424-0034,静岡県,静岡市清水区,横砂中町16-25,,35.042676,138.499212,美味しい『しずまえ鮮魚』を始めとした水産物を買うならココ！,,,,,054-366-0557,
魚正,,424-0035,静岡県,静岡市清水区,横砂南町9-5,,35.041296,138.501762,美味しい『しずまえ鮮魚』を始めとした水産物を買うならココ！,,,,,054-366-0523,
魚忠,,421-3203,静岡県,静岡市清水区,蒲原2-11-9,,35.12121,138.609356,美味しい『しずまえ鮮魚』を始めとした水産物を買うならココ！,,,,,054-385-3376,
【重複・削除】鮨処やましち,すしどころやましち,421-3203,静岡県,静岡市清水区,蒲原3-3-10,,35.118991,138.605759,地元で「活き桜えび」専用水槽唯一設置店、シーズン中のみのお楽しみです。,11:00~21:00,火曜日,8台,,054-388-2339,sushi-yamashiti@fancy.ocn.ne.jp
蒲原の味処 よし川,かんばらのあじどころ　よしかわ,421-3203,静岡県,静岡市清水区,蒲原3-5-18,,35.118499,138.604053,地元でしか味わえない、桜えび・シラスなど、しずまえ鮮魚をお得なランチセットでお楽しみいただけます！,11:00～21:00（ラストオーダー20:0030分）,月曜日(祝日は営業),25台,,054-385-2524,http://unagi-yoshikawa.com
魚安,,421-3203,静岡県,静岡市清水区,蒲原3-7-6,,35.117746,138.602534,美味しい『しずまえ鮮魚』を始めとした水産物を買うならココ！,,,,,054-385-2563,
(株)カネホン,かぶしきかいしゃかねほん,421-3203,静岡県,静岡市清水区,蒲原4-15-13,,35.116755,138.603098,美味しい『しずまえ鮮魚』を始めとした水産物を買うならココ！,9:00～17:00,土・日・祝,あり（２台）,,054-385-4375,http://www.kanehon.net
(有)サトー,ゆうげんさとー,421-3203,静岡県,静岡市清水区,蒲原4-15-15,,35.116921,138.603112,美味しい『しずまえ鮮魚』を始めとした水産物を買うならココ！,8:00～16:30,土・日・祝,あり（２台）,,054-388-2344,http://www.kaneyo.net/
水谷商店,みずたにしょうてん,421-3203,静岡県,静岡市清水区,蒲原4-23-24,,35.118049,138.605112,美味しい『しずまえ鮮魚』を始めとした水産物を買うならココ！,8:00～17:00,土(不定休）・日・祝,あり（２台）,,054-385-3027,https://mizutani.ocnk.net.ct/
古郡商店,ふるごおりしょうてん,421-3203,静岡県,静岡市清水区,蒲原4-26-45,,35.117138,138.607175,美味しい『しずまえ鮮魚』を始めとした水産物を買うならココ！,9:00～17:00,土午後・日・祝,あり（２台）,,054-385-3509,http://www.e-sakuraebi.com
魚律,,421-3203,静岡県,静岡市清水区,蒲原4-32-2,,35.118855,138.607828,美味しい『しずまえ鮮魚』を始めとした水産物を買うならココ！,,,,,054-385-2659,
(有)友和丸,,421-3203,静岡県,静岡市清水区,蒲原5183,,35.123052,138.624704,美味しい『しずまえ鮮魚』を始めとした水産物を買うならココ！,,,,,054-388-3038,
(株)ヤマトミ,,421-3212,静岡県,静岡市清水区,蒲原小金147-7,,35.114708,138.591941,美味しい『しずまえ鮮魚』を始めとした水産物を買うならココ！,,,,,054-385-3456,
(株)ヤママル,かぶしきかいしゃやままる,421-3212,静岡県,静岡市清水区,蒲原小金220-1,,35.116413,138.594468,美味しい『しずまえ鮮魚』を始めとした水産物を買うならココ！,8:00～16:00,土・日・祝,あり（1台）,,054-388-2880,yama-maru.com
秋田屋,,421-3212,静岡県,静岡市清水区,蒲原小金342-2,,35.115933,138.590243,美味しい『しずまえ鮮魚』を始めとした水産物を買うならココ！,,,,,054-388-2575,
大石商店,,421-3212,静岡県,静岡市清水区,蒲原小金448-2,,35.116727,138.594168,美味しい『しずまえ鮮魚』を始めとした水産物を買うならココ！,,,,,054-385-5438,
ヤマト食品(株),やまとしょくひんかぶしきかいしゃ,421-3211,静岡県,静岡市清水区,蒲原新田1-1-30,,35.116274,138.601048,美味しい『しずまえ鮮魚』を始めとした水産物を買うならココ！,9:00～17:00,土・日・祝,あり（５台）,,054-385-4161,http://www.yamatosyokuhin.com/
桜えびと削り節の専門店カネジョウ直売店,さくらえびとけずりぶしのせんもんてんかねじょうちょくばいてん,421-3211,静岡県,静岡市清水区,蒲原新田2-8-13,,35.117438,138.596462,美味しい『しずまえ鮮魚』を始めとした水産物を買うならココ！,9:00～17:00,土・日・祝,あり（２台）,,054-385-6181,http://www.kanejo.jp/
松下魚店,,421-3215,静岡県,静岡市清水区,蒲原神沢200-1,,35.113216,138.57767,美味しい『しずまえ鮮魚』を始めとした水産物を買うならココ！,,,,,054-385-2231,
朝原商店,,421-3213,静岡県,静岡市清水区,蒲原中151-1,,35.113177,138.586591,美味しい『しずまえ鮮魚』を始めとした水産物を買うならココ！,,,,,054-388-2013,
(株)まるげん,かぶしきかいしゃまるげん,421-3213,静岡県,静岡市清水区,蒲原中302-7,,35.113755,138.585191,美味しい『しずまえ鮮魚』を始めとした水産物を買うならココ！,9:00～17:00,土・日・祝,あり（２台）,,054-388-2220,http://www.marugen.net/
樽八鮨 吉川支店,,424-0055,静岡県,静岡市清水区,吉川100-8,,35.014573,138.459636,しずまえ鮮魚を美味しいお寿司で食べるならここ！,,,,,054-345-7924,
ヒバリヤ吉川店,ひばりやきっかわてん,424-0055,静岡県,静岡市清水区,吉川764,,35.019692,138.458008,美味しい『しずまえ鮮魚』を始めとした水産物を買うならココ！,9:30～19:00,無し,あり,,054-344-2300,
魚格,うおかく,424-0206,静岡県,静岡市清水区,興津清見寺町97,,35.046668,138.512466,"遠方からも絶えずお客様が来店する知名度抜群の人気の鮮魚店。港から近い地の利を活かし、駿河湾の地の魚をふんだんに使った刺身の豊富な品揃えが自慢です。お店オリジナルの揚げはんぺんなど、美味しい加工品もあります。
港から近い地の利を活かし、駿河湾の地の魚をふんだんに使った刺身の豊富な品揃えが自慢です。
お店オリジナルの揚げはんぺんなど、美味しい加工品もあります。",10:00～16:00,土曜日,有,,054-369-0336,
松寿,しょうじゅ,424-0204,静岡県,静岡市清水区,興津中町1219,,35.061449,138.527239,新鮮な海の幸を四季の味で、ご家族連れから、お酒の飲めない方まで楽しんでいただけるお店でありたいと願っております。別棟に宿泊施設を完備しております。,11:00～14:00　　　16:00～21:30,火曜日,有,,054-369-0655,
寿し辰,すしたつ,424-0204,静岡県,静岡市清水区,興津中町1416-12,,35.058866,138.523748,ご主人の優しい人柄があふれる気軽なお寿司屋さん。しずまえの新鮮なネタを職人の技で活かしています。,11:00～13:30　　16:00～21:00,水曜日　第４火曜日,有,,054-369-6151,
魚半,うおはん,424-0204,静岡県,静岡市清水区,興津中町1441-1,,35.056247,138.524387,甲州道の鮮魚店です。興津で採れたしらすなどしずまえの鮮魚と惣菜が充実しています。しずまえ鮮魚の自家製干物が好評です。,9:00～18:00,木曜日,有,,054-369-0473,
魚吉,うおきち,424-0204,静岡県,静岡市清水区,興津中町431-1,,35.052086,138.5223,興津駅前の老舗鮮魚店。プロの目利きで仕入れた鮮度抜群のしずまえ鮮魚は、地元のお寿司屋さんや老舗旅館もご用達。品揃えに絶対の自信があります。,8:00～18:00,水曜日,,,054-369-1036,
もとよし,もとよし,424-0204,静岡県,静岡市清水区,興津中町754-1,,35.057414,138.531717,由比の漁師の居酒屋「もとよし」です。 定置網で取れた地魚や朝どれ生シラス、桜えびなど由比の海の幸を一度ご賞味ください,17:00～22:00,日曜日　月曜日,有,,054-369-7023,
魚徳,うおとく,424-0203,静岡県,静岡市清水区,興津東町629,,35.063371,138.531328,鯵、鯖、秋刀魚の押し寿しが当店の自慢です（前日までにご予約ください）。自家製惣菜では、鯖の煮付け、五目豆、お寿司、牛乳寒天・フルーツ寒天が人気となっています。,8:00～18:00,日曜日,有,,054-369-0616,
魚幸,うおこう,424-0205,静岡県,静岡市清水区,興津本町17-1,,35.049481,138.519288,創業100年を超える老舗の鮮魚店。由比の定置網で獲れたしずまえ鮮魚は、鮮度の良さに絶対の自信があります。売り切れご免！午前中のご来店をお勧めします。お客様のご要望に応じて捌きも承っております。,10:00～14:00（売り切れ次第終了）,日曜日　月曜日,,,054-369-0403,
【重複・削除】割烹旅館 岡屋,かっぽうりょかん　おかや,424-0205,静岡県,静岡市清水区,興津本町6,,35.049659,138.520127,江戸時代慶応年間創業の老舗旅館。健康志向だった家康が好んで食べた興津鯛をはじめ、鮮度抜群のしずまえ鮮魚を使った伝統の和風創作料理が自慢です。(興津鯛は要予約）,予約制,月曜日,有,,054-369-0018,
味彩 そ乃田,,424-0817,静岡県,静岡市清水区,銀座10-3,,35.019171,138.485422,美味しい『しずまえ鮮魚』を食べるならココ！,,,,,054-365-1612,
魚やす,,424-0817,静岡県,静岡市清水区,銀座14-12,,35.019076,138.484403,美味しい『しずまえ鮮魚』を始めとした水産物を買うならココ！,,,,,054-364-4523,
割烹若ざわ 富海亭,,424-0904,静岡県,静岡市清水区,駒越中1-17-38,,34.977067,138.500164,美味しい『しずまえ鮮魚』を食べるならココ！,,,,,054-335-2225,
ヒバリヤ駒越店,ひばりやこまごえてん,424-0904,静岡県,静岡市清水区,駒越北町8-1,ベイドリーム清水1F,34.985352,138.49938,美味しい『しずまえ鮮魚』を始めとした水産物を買うならココ！,10:00～21:00,無し,あり,,054-334-0500,
(有) 魚しず,,424-0853,静岡県,静岡市清水区,月見町2-8,マルキフード内,35.003784,138.481593,美味しい『しずまえ鮮魚』を始めとした水産物を買うならココ！,,,,,054-352-2234,
凧,,424-0818,静岡県,静岡市清水区,江尻町10-7,,35.02049,138.481689,美味しい『しずまえ鮮魚』を食べるならココ！,,,,,054-364-6262,
魚正,,424-0815,静岡県,静岡市清水区,江尻東2-5-25,,35.02214,138.4843,美味しい『しずまえ鮮魚』を始めとした水産物を買うならココ！,,,,,054-366-0199,
末廣鮨,,424-0815,静岡県,静岡市清水区,江尻東2-5-28,,35.022129,138.484617,しずまえ鮮魚を美味しいお寿司で食べるならここ！,,,,,054-366-6083,
魚伴,,424-0943,静岡県,静岡市清水区,港町1-2-12,,35.008078,138.491389,美味しい『しずまえ鮮魚』を始めとした水産物を買うならココ！,,,,,054-352-0809,
魚馬,,424-0943,静岡県,静岡市清水区,港町2-7-22,,35.008217,138.492975,美味しい『しずまえ鮮魚』を始めとした水産物を買うならココ！,,,,,054-352-0246,
魚進,,424-0041,静岡県,静岡市清水区,高橋1-4-12,,35.029522,138.474598,美味しい『しずまえ鮮魚』を始めとした水産物を買うならココ！,,,,,054-367-0535,
魚魚六,,424-0041,静岡県,静岡市清水区,高橋4-10-7,,35.027667,138.473137,美味しい『しずまえ鮮魚』を食べるならココ！,,,,,054-366-2041,
清栄寿司,,424-0901,静岡県,静岡市清水区,三保3581,,35.006922,138.520574,しずまえ鮮魚を美味しいお寿司で食べるならここ！,,,,,054-334-0704,
みどり寿司三保支店,,424-0901,静岡県,静岡市清水区,三保664-5,,35.003237,138.511014,しずまえ鮮魚を美味しいお寿司で食べるならここ！,,,,,054-334-3551,
そば処 鐘庵 清水三保総本店,,424-0901,静岡県,静岡市清水区,三保92-11,,35.000259,138.516864,美味しい『しずまえ鮮魚』を食べるならココ！,,,,,054-334-1151,
魚茂,,424-0801,静岡県,静岡市清水区,秋吉町2-63,,35.03048,138.482558,美味しい『しずまえ鮮魚』を始めとした水産物を買うならココ！,,,,,054-364-3311,
志乃ぶ鮨,,424-0053,静岡県,静岡市清水区,渋川2-2-12,,35.018248,138.46949,しずまえ鮮魚を美味しいお寿司で食べるならここ！,,,,,054-347-3383,
ふるさと,,424-0842,静岡県,静岡市清水区,春日1-8-12,,35.011419,138.471724,美味しい『しずまえ鮮魚』を食べるならココ！,,,,,054-351-1838,
おさかな工房魚清,,424-0812,静岡県,静岡市清水区,小芝町1-18,,35.02237,138.483703,美味しい『しずまえ鮮魚』を食べるならココ！,,,,,054-366-1719,
居酒屋 しん吉,,424-0812,静岡県,静岡市清水区,小芝町4-41,,35.023609,138.481536,美味しい『しずまえ鮮魚』を食べるならココ！,,,,,054-367-2023,
日出寿司,,424-0935,静岡県,静岡市清水区,沼田町6-2,,34.997948,138.484337,しずまえ鮮魚を美味しいお寿司で食べるならここ！,,,,,054-335-2580,
梅久,,424-0827,静岡県,静岡市清水区,上1-12-3,,35.010661,138.485514,美味しい『しずまえ鮮魚』を始めとした水産物を買うならココ！,,,,,054-352-1088,
芳川,,424-0871,静岡県,静岡市清水区,上原1-2-20,,35.011132,138.459033,美味しい『しずまえ鮮魚』を食べるならココ！,,,,,054-345-7522,
いさみ寿司,,424-0835,静岡県,静岡市清水区,上清水町1-6,,35.01198,138.483906,しずまえ鮮魚を美味しいお寿司で食べるならここ！,,,,,054-352-4255,
魚しん,,424-0835,静岡県,静岡市清水区,上清水町3-4,,35.010705,138.484214,美味しい『しずまえ鮮魚』を始めとした水産物を買うならココ！,,,,,054-353-2565,
Asian Bar海蛇,,424-0856,静岡県,静岡市清水区,上力町3-11,,34.997243,138.479429,美味しい『しずまえ鮮魚』を食べるならココ！,,,,,054-334-8282,
カクサン魚廣,,424-0856,静岡県,静岡市清水区,上力町3-11,,34.997243,138.479429,美味しい『しずまえ鮮魚』を始めとした水産物を買うならココ！,,,,,054-335-3355,
炉ばた 居酒屋 福助,,424-0816,静岡県,静岡市清水区,真砂町1-13,,35.022687,138.488661,美味しい『しずまえ鮮魚』を食べるならココ！,,,,,054-364-8181,
居酒屋てんちょう,,424-0816,静岡県,静岡市清水区,真砂町1-52,,35.019321,138.487889,美味しい『しずまえ鮮魚』を食べるならココ！,,,,,054-361-0220,
(株)みかみ,,424-0816,静岡県,静岡市清水区,真砂町1-53,,35.019221,138.487822,美味しい『しずまえ鮮魚』を始めとした水産物を買うならココ！,,,,,054-364-2200,
酒呑処 樽彦,,424-0816,静岡県,静岡市清水区,真砂町2-13,,35.02224,138.488305,美味しい『しずまえ鮮魚』を食べるならココ！,,,,,054-367-1787,
清水 十千花前,しみずじゅっせんかぜん,424-0816,静岡県,静岡市清水区,真砂町2-24,,35.022676,138.488161,毎日由比港より直接しずまえ鮮魚が届きます。,11:30～14:30 17:30～22:30,無し,無し,,054-365-8808,
銀座酒場 こさむ,,424-0816,静岡県,静岡市清水区,真砂町5-16,,35.021073,138.487897,美味しい『しずまえ鮮魚』を食べるならココ！,,,,,054-366-6505,
味楽亭 はしもと,,424-0816,静岡県,静岡市清水区,真砂町6-23,,35.020532,138.487875,美味しい『しずまえ鮮魚』を食べるならココ！,,,,,054-366-5867,
矢入魚店,,424-0816,静岡県,静岡市清水区,真砂町6-25,,35.020823,138.487889,美味しい『しずまえ鮮魚』を始めとした水産物を買うならココ！,,,,,054-365-3373,
居酒屋 ぽれぽれ,,424-0816,静岡県,静岡市清水区,真砂町6-4,,35.02074,138.488272,美味しい『しずまえ鮮魚』を食べるならココ！,,,,,054-364-6670,
誠寿し,まことずし,424-0852,静岡県,静岡市清水区,神田町18-19,,35.003284,138.477201,清水の新鮮なお魚をリーズナブルなお値段で楽しめます。,11:30～14:00、17:00～23:00,木曜日,あり（８台）,,054-353-3669,
かねせん魚店,,424-0947,静岡県,静岡市清水区,清水町8-15,,35.006239,138.489822,美味しい『しずまえ鮮魚』を始めとした水産物を買うならココ！,,,,,054-352-0244,
鮨海席 むら上,,424-0038,静岡県,静岡市清水区,西久保1-14-26,,35.033861,138.483339,美味しい『しずまえ鮮魚』を食べるならココ！,,,,,054-366-0770,
魚忠,,424-0038,静岡県,静岡市清水区,西久保1-5-5,,35.031853,138.483097,美味しい『しずまえ鮮魚』を始めとした水産物を買うならココ！,,,,,054-366-2394,
魚福,,424-0038,静岡県,静岡市清水区,西久保19-1,,35.038965,138.479883,美味しい『しずまえ鮮魚』を食べるならココ！,,,,,054-364-8421,
とりきん 東名インター店,,424-0038,静岡県,静岡市清水区,西久保35-20,,35.038927,138.481067,美味しい『しずまえ鮮魚』を食べるならココ！,,,,,054-363-6336,
大武,,424-0844,静岡県,静岡市清水区,西高町11-4,,35.006616,138.473354,美味しい『しずまえ鮮魚』を食べるならココ！,,,,,054-353-5528,
田なべ,,424-0046,静岡県,静岡市清水区,西大曲町1-3,,35.018407,138.474365,美味しい『しずまえ鮮魚』を食べるならココ！,,,,,054-366-4324,
ヒバリヤ折戸店,ひばりやおりどてん,424-0902,静岡県,静岡市清水区,折戸1-6-10,,34.984552,138.507777,美味しい『しずまえ鮮魚』を始めとした水産物を買うならココ！,9:30～19:00,無し,あり,,054-334-0938,
するが寿し,,424-0902,静岡県,静岡市清水区,折戸2-13-5,,34.98993,138.51209,しずまえ鮮魚を美味しいお寿司で食べるならここ！,,,,,054-334-6687,
我家我家,,424-0902,静岡県,静岡市清水区,折戸510-6,,34.995549,138.514789,美味しい『しずまえ鮮魚』を食べるならココ！,,,,,054-336-2124,
鮮魚しみず,,424-0828,静岡県,静岡市清水区,千歳町5-1,,35.014827,138.485928,美味しい『しずまえ鮮魚』を始めとした水産物を買うならココ！,,,,,054-352-7350,
船越寿し安,,424-0865,静岡県,静岡市清水区,船越3-5-43,,35.000159,138.470935,しずまえ鮮魚を美味しいお寿司で食べるならここ！,,,,,054-352-3320,
六六魚,,424-0862,静岡県,静岡市清水区,船越東町238-2,,35.003386,138.471218,美味しい『しずまえ鮮魚』を食べるならココ！,,,,,054-351-1583,
河岸 和正,,424-0821,静岡県,静岡市清水区,相生町1-3,,35.018465,138.487539,美味しい『しずまえ鮮魚』を食べるならココ！,,,,,054-352-8825,
割烹 千年成,,424-0821,静岡県,静岡市清水区,相生町2-24,,35.017418,138.487653,美味しい『しずまえ鮮魚』を食べるならココ！,,,,,054-352-1269,
酒蔵 たから屋,,424-0821,静岡県,静岡市清水区,相生町2-30,,35.016852,138.48765,美味しい『しずまえ鮮魚』を食べるならココ！,,,,,054-352-5055,
八十八,,424-0821,静岡県,静岡市清水区,相生町3-22,,35.01671,138.487894,美味しい『しずまえ鮮魚』を食べるならココ！,,,,,054-362-6749,
季節料理 亀八,きせつりょうり　かめはち,424-0821,静岡県,静岡市清水区,相生町9-17,,35.016971,138.488866,南鮪、地魚おすすめ店,,,,,054-352-2747,
食彩空間・だいご味,しょくさいくうかん・だいごみ,424-0104,静岡県,静岡市清水区,草ヶ谷343,,35.049828,138.484899,だいご味といえばとにかくお刺身！！毎日厳選した食材を支入れているため鮮度も味も抜群！ぜひどうぞ！,17:30～23:00,月曜日,6台,,054-366-5446,
草薙 茄兵衛,くさなぎなすべえ,424-0886,静岡県,静岡市清水区,草薙1-26-18,,35.00386,138.448645,毎日由比港より直接しずまえ鮮魚が届きます。,11:30～14:30 17:30～23:00,無し,２０台,,054-348-8788,
大衆割烹 もちづき,,424-0886,静岡県,静岡市清水区,草薙1-6-1,,35.00183,138.442593,美味しい『しずまえ鮮魚』を食べるならココ！,,,,,054-345-1194,
たくちゃん,,424-0886,静岡県,静岡市清水区,草薙1-6-7,,35.00166,138.442523,美味しい『しずまえ鮮魚』を食べるならココ！,,,,,054-346-4257,
海鮮酒場 浜ちゃん,,424-0886,静岡県,静岡市清水区,草薙1-8-16,,35.002333,138.442854,美味しい『しずまえ鮮魚』を食べるならココ！,,,,,054-345-1686,
魚新,,424-0886,静岡県,静岡市清水区,草薙1-8-20,,35.002469,138.442818,美味しい『しずまえ鮮魚』を始めとした水産物を買うならココ！,,,,,054-345-7631,
(株)魚竹寿し,,424-0886,静岡県,静岡市清水区,草薙122,,35.000055,138.445996,しずまえ鮮魚を美味しいお寿司で食べるならここ！,,,,,054-345-8268,
酒菜屋IKEGAMI,,424-0886,静岡県,静岡市清水区,草薙2-2-3,,35.00766,138.450131,美味しい『しずまえ鮮魚』を食べるならココ！,,,,,054-345-1115,
ミズリアソマカ,,424-0886,静岡県,静岡市清水区,草薙2-27-19,,35.003358,138.443984,美味しい『しずまえ鮮魚』を食べるならココ！,,,,,054-368-7907,
大内寿司支店,,424-0886,静岡県,静岡市清水区,草薙2-3-2,,35.007849,138.449951,しずまえ鮮魚を美味しいお寿司で食べるならここ！,,,,,054-345-6697,
ふじ川食堂,,424-0886,静岡県,静岡市清水区,草薙2-4-9,,35.006971,138.449609,美味しい『しずまえ鮮魚』を食べるならココ！,,,,,054-345-7754,
(有)ザ・サンキュー,,424-0037,静岡県,静岡市清水区,袖師1084,,35.03523,138.492182,美味しい『しずまえ鮮魚』を始めとした水産物を買うならココ！,,,,,054-366-5288,
袖師 寿し鐵,,424-0037,静岡県,静岡市清水区,袖師517-1,,35.036752,138.489807,しずまえ鮮魚を美味しいお寿司で食べるならここ！,,,,,054-365-5233,
栄寿司,,424-0926,静岡県,静岡市清水区,村松1-4-52,,34.994074,138.492517,美味しい『しずまえ鮮魚』を食べるならココ！,,,,,054-335-4015,
町屋飛脚,,424-0847,静岡県,静岡市清水区,大坪1-8-17,,35.011221,138.466346,美味しい『しずまえ鮮魚』を食べるならココ！,,,,,054-347-1234,
千代田吉野寿司 高部店,,424-0062,静岡県,静岡市清水区,大内新田13-5,,35.026936,138.457808,しずまえ鮮魚を美味しいお寿司で食べるならここ！,,,,,054-344-2511,
活火山,,424-0888,静岡県,静岡市清水区,中之郷1-4-11,,34.99738,138.438338,美味しい『しずまえ鮮魚』を食べるならココ！,,,,,054-347-8088,
四季食彩 吉おか,,424-0888,静岡県,静岡市清水区,中之郷2-1-8,,35.001374,138.440751,美味しい『しずまえ鮮魚』を食べるならココ！,,,,,054-346-8551,
Hirozushi,,424-0854,静岡県,静岡市清水区,中矢部町1-11,,35.000981,138.480012,しずまえ鮮魚を美味しいお寿司で食べるならここ！,,,,,054-351-0191,
魚勝,,424-0065,静岡県,静岡市清水区,長崎713-3,,35.015412,138.442293,美味しい『しずまえ鮮魚』を食べるならココ！,,,,,054-347-1315,
追分奴すし,,424-0841,静岡県,静岡市清水区,追分1-5-10,,35.015876,138.473468,しずまえ鮮魚を美味しいお寿司で食べるならここ！,,,,,054-365-4636,
伸,,424-0806,静岡県,静岡市清水区,辻1-1-20,,35.024842,138.488316,美味しい『しずまえ鮮魚』を食べるならココ！,,,,,054-367-8171,
いわし料理 善,,424-0806,静岡県,静岡市清水区,辻1-1-23,,35.024962,138.488341,美味しい『しずまえ鮮魚』を食べるならココ！,,,,,054-367-9601,
呑喰栄時,,424-0806,静岡県,静岡市清水区,辻1-7-28,,35.028345,138.489086,美味しい『しずまえ鮮魚』を食べるならココ！,,,,,054-364-6078,
若竹,,424-0806,静岡県,静岡市清水区,辻2-2-5,,35.025592,138.486355,美味しい『しずまえ鮮魚』を食べるならココ！,,,,,054-365-6571,
富士屋,,424-0912,静岡県,静岡市清水区,殿沢2-1-10,,34.980019,138.492639,美味しい『しずまえ鮮魚』を食べるならココ！,,,,,054-335-0092,
寿司特急まぐろ屋,,424-0823,静岡県,静岡市清水区,島崎町149,,35.020324,138.490647,美味しい『しずまえ鮮魚』を食べるならココ！,,,,,054-355-3950,
清水江戸銀,,424-0823,静岡県,静岡市清水区,島崎町149,,35.020324,138.490647,美味しい『しずまえ鮮魚』を食べるならココ！,,,,,054-352-9622,
壱平,,424-0823,静岡県,静岡市清水区,島崎町149,,35.020324,138.490647,美味しい『しずまえ鮮魚』を食べるならココ！,,,,,054-351-8177,
みやもと,,424-0823,静岡県,静岡市清水区,島崎町149,,35.020324,138.490647,美味しい『しずまえ鮮魚』を食べるならココ！,,,,,054-351-9141,
のっけ家,,424-0823,静岡県,静岡市清水区,島崎町149,,35.020324,138.490647,美味しい『しずまえ鮮魚』を食べるならココ！,,,,,054-355-5077,
まぐろや やす兵衛,,424-0823,静岡県,静岡市清水区,島崎町149,,35.020324,138.490647,美味しい『しずまえ鮮魚』を食べるならココ！,,,,,054-355-5152,
おがわ,,424-0823,静岡県,静岡市清水区,島崎町149,,35.020324,138.490647,美味しい『しずまえ鮮魚』を食べるならココ！,,,,,054-352-0202,
バンノウ水産,,424-0823,静岡県,静岡市清水区,島崎町149,,35.020324,138.490647,美味しい『しずまえ鮮魚』を食べるならココ！,,,,,054-355-1281,
岸家,,424-0823,静岡県,静岡市清水区,島崎町149,,35.020324,138.490647,美味しい『しずまえ鮮魚』を食べるならココ！,,,,,054-352-0141,
一期,,424-0823,静岡県,静岡市清水区,島崎町149,,35.020324,138.490647,美味しい『しずまえ鮮魚』を食べるならココ！,,,,,054-352-1117,
どん福,,424-0823,静岡県,静岡市清水区,島崎町149,,35.020324,138.490647,美味しい『しずまえ鮮魚』を食べるならココ！,,,,,054-352-0010,
四代目くま吉,,424-0823,静岡県,静岡市清水区,島崎町149,,35.020324,138.490647,美味しい『しずまえ鮮魚』を食べるならココ！,,,,,054-355-5533,
ととすけ,,424-0823,静岡県,静岡市清水区,島崎町149,,35.020324,138.490647,美味しい『しずまえ鮮魚』を食べるならココ！,,,,,054-368-7364,
大間新栄丸,,424-0823,静岡県,静岡市清水区,島崎町149,,35.020324,138.490647,美味しい『しずまえ鮮魚』を食べるならココ！,,,,,054-352-7833,
海山,,424-0823,静岡県,静岡市清水区,島崎町149,,35.020324,138.490647,美味しい『しずまえ鮮魚』を食べるならココ！,,,,,054-351-1223,
丼兵衛,,424-0823,静岡県,静岡市清水区,島崎町149,,35.020324,138.490647,美味しい『しずまえ鮮魚』を食べるならココ！,,,,,054-353-5544,
魚市場食堂,,424-0823,静岡県,静岡市清水区,島崎町149,,35.020324,138.490647,美味しい『しずまえ鮮魚』を食べるならココ！,,,,,054-351-7113,
馬鹿貝,,424-0823,静岡県,静岡市清水区,島崎町149,,35.020324,138.490647,美味しい『しずまえ鮮魚』を食べるならココ！,,,,,054-355-5252,
漁協食堂 はまや,,424-0823,静岡県,静岡市清水区,島崎町149,,35.020324,138.490647,美味しい『しずまえ鮮魚』を食べるならココ！,,,,,054-351-3003,
カネイ水産,,424-0823,静岡県,静岡市清水区,島崎町149,,35.020324,138.490647,美味しい『しずまえ鮮魚』を始めとした水産物を買うならココ！,,,,,054-351-8510,
丸兼水産,,424-0823,静岡県,静岡市清水区,島崎町149,,35.020324,138.490647,美味しい『しずまえ鮮魚』を始めとした水産物を買うならココ！,,,,,054-353-1761,
海里,,424-0823,静岡県,静岡市清水区,島崎町149,,35.020324,138.490647,美味しい『しずまえ鮮魚』を始めとした水産物を買うならココ！,,,,,054-355-3615,
魚彩,,424-0823,静岡県,静岡市清水区,島崎町149,,35.020324,138.490647,美味しい『しずまえ鮮魚』を始めとした水産物を買うならココ！,,,,,054-355-5031,
鰹工房,,424-0823,静岡県,静岡市清水区,島崎町149,,35.020324,138.490647,美味しい『しずまえ鮮魚』を始めとした水産物を買うならココ！,,,,,054-351-8355,
ふかくら,,424-0823,静岡県,静岡市清水区,島崎町149,,35.020324,138.490647,美味しい『しずまえ鮮魚』を始めとした水産物を買うならココ！,,,,,054-353-6811,
魚萬,,424-0823,静岡県,静岡市清水区,島崎町149,,35.020324,138.490647,美味しい『しずまえ鮮魚』を始めとした水産物を買うならココ！,,,,,054-351-8005,
みかみ,,424-0823,静岡県,静岡市清水区,島崎町149,,35.020324,138.490647,美味しい『しずまえ鮮魚』を始めとした水産物を買うならココ！,,,,,054-353-7722,
マルイチ,,424-0823,静岡県,静岡市清水区,島崎町149,,35.020324,138.490647,美味しい『しずまえ鮮魚』を始めとした水産物を買うならココ！,,,,,054-355-5566,
魚久,,424-0823,静岡県,静岡市清水区,島崎町149,,35.020324,138.490647,美味しい『しずまえ鮮魚』を始めとした水産物を買うならココ！,,,,,054-353-6866,
いちまる苑,,424-0823,静岡県,静岡市清水区,島崎町149,,35.020324,138.490647,美味しい『しずまえ鮮魚』を始めとした水産物を買うならココ！,,,,,054-335-6628,
水産商協河岸の市店,,424-0823,静岡県,静岡市清水区,島崎町149,,35.020324,138.490647,美味しい『しずまえ鮮魚』を始めとした水産物を買うならココ！,,,,,054-353-2500,
河岸,,424-0823,静岡県,静岡市清水区,島崎町2-17,,35.018777,138.488308,美味しいしずまえ鮮魚を食べるならココ！,,,,,054-353-0677,
のみくいや 呑,,424-0823,静岡県,静岡市清水区,島崎町5-25,,35.019076,138.489325,美味しい『しずまえ鮮魚』を食べるならココ！,,,,,054-353-8282,
(有)魚大,,424-0045,静岡県,静岡市清水区,東大曲町2-7,,35.019723,138.475823,美味しい『しずまえ鮮魚』を始めとした水産物を買うならココ！,,,,,054-366-3819,
がたろう寿司,,424-0851,静岡県,静岡市清水区,堂林1-3-9,,35.006719,138.476093,しずまえ鮮魚を美味しいお寿司で食べるならここ！,,,,,054-351-2456,
めしやくうべえ,,424-0851,静岡県,静岡市清水区,堂林2-16-13,,35.004333,138.476135,美味しい『しずまえ鮮魚』を食べるならココ！,,,,,054-353-6050,
玉川寿司 草薙支店,,424-0882,静岡県,静岡市清水区,楠新田217-8,,35.006696,138.443848,しずまえ鮮魚を美味しいお寿司で食べるならここ！,,,,,054-346-4268,
かね田食堂,,424-0831,静岡県,静岡市清水区,入江1-1-23,,35.01729,138.484859,美味しい『しずまえ鮮魚』を食べるならココ！,,,,,054-364-8446,
(株)清水洞江水産,,424-0831,静岡県,静岡市清水区,入江1-4-16,,35.017432,138.48207,美味しい『しずまえ鮮魚』を始めとした水産物を買うならココ！,,,,,054-366-8355,
楠楼,,424-0831,静岡県,静岡市清水区,入江1-9-21,,35.018668,138.481559,美味しい『しずまえ鮮魚』を食べるならココ！,,,,,054-366-5287,
地酒旬肴 駿河丸,,424-0831,静岡県,静岡市清水区,入江2-1-10,,35.017476,138.480212,美味しい『しずまえ鮮魚』を食べるならココ！,,,,,054-376-4428,
魚虎本店,,424-0831,静岡県,静岡市清水区,入江2-2-20,,35.017229,138.479137,美味しい『しずまえ鮮魚』を始めとした水産物を買うならココ！,,,,,054-366-0871,
魚虎寿司,,424-0831,静岡県,静岡市清水区,入江２－２－２１,,35.017218,138.479031,しずまえ鮮魚を美味しいお寿司で食べるならここ！,,,,,054-366-7233,
(株)魚市,,424-0831,静岡県,静岡市清水区,入江3-1-30,,35.018515,138.477723,美味しい『しずまえ鮮魚』を始めとした水産物を買うならココ！,,,,,054-364-3830,
まぐろ寿司,,424-0831,静岡県,静岡市清水区,入江3-6-18,,35.017923,138.476337,しずまえ鮮魚を美味しいお寿司で食べるならここ！,,,,,054-366-0693,
魚作,,424-0831,静岡県,静岡市清水区,入江3-8-14,,35.016232,138.47654,美味しい『しずまえ鮮魚』を始めとした水産物を買うならココ！,,,,,054-366-0718,
生駒寿し,,424-0839,静岡県,静岡市清水区,入江岡町11-22,,35.013744,138.479879,しずまえ鮮魚を美味しいお寿司で食べるならここ！,,,,,054-351-1711,
さかなやのぶちゃん,,424-0942,静岡県,静岡市清水区,入船町13-15,,35.010586,138.49293,美味しい『しずまえ鮮魚』を始めとした水産物を買うならココ！,,,,,054-354-3360(ドリームプラザ代表),
日本初の流れ鮨 沼津魚がし鮨清水ドリームプラザ店,,424-0942,静岡県,静岡市清水区,入船町13-15(ｴｽﾊﾟﾙｽﾄﾞﾘｰﾑﾌﾟﾗｻﾞすし横丁内),,35.010775,138.492919,沼津港直送の新鮮なおいしさをあなたに。 「安い、新鮮、大きい、おいしい」。 これも沼津漁港のセリ権を持っているからできること。江戸前感覚の美味と粋の一体を楽しめる回転鮨処。 最新式タッチパネルのオーダーシステムを導入平日のみ、お席のご予約も承ります。,11:00～21:00,年中無休,"契約駐車場を含めて約1,600台",,054-355-0212,http://www.dream-plaza.co.jp/gourmet/detail.php/55
清水港さかなや,,424-0942,静岡県,静岡市清水区,入船町13-15(ｴｽﾊﾟﾙｽﾄﾞﾘｰﾑﾌﾟﾗｻﾞすし横丁内),,35.010775,138.492919,市場直送の「肴(さかな)」と「マグロ」を使用した豪快なメニューが勢ぞろい。刺身の盛り付けも、寿司も、全てが豪快！ネタの鮮度にも自信があります。,11:00～21:00,年中無休,"契約駐車場を含めて約1,600台",,054-354-3711,http://www.dream-plaza.co.jp/gourmet/detail.php/56
清水みなと漁師丼の店,,424-0942,静岡県,静岡市清水区,入船町13-15(ｴｽﾊﾟﾙｽﾄﾞﾘｰﾑﾌﾟﾗｻﾞすし横丁内),,35.010775,138.492919,清水港で水揚げされたネタを中心に新鮮な丼をご提供いたします。鮮度・ボリューム共に大満足の丼をぜひお召し上がりください。,11:00～21:00,年中無休,"契約駐車場を含めて約1,600台",,054-354-3360(ドリームプラザ代表),http://www.dream-plaza.co.jp/gourmet/detail.php/57
天然地魚ながの,,424-0942,静岡県,静岡市清水区,入船町13-15(ｴｽﾊﾟﾙｽﾄﾞﾘｰﾑﾌﾟﾗｻﾞすし横丁内),,35.010775,138.492919,地元清水の魚屋から厳選したネタを仕入れ、生の素材にこだわった商品をご提供いたします。1貫からでもお召し上がりいただけます。店主の粋な計らいと、おいしい寿司をカウンター席でぜひお楽しみください。,11:00～21:00,年中無休,"契約駐車場を含めて約1,600台",,054-354-3360(ドリームプラザ代表),http://www.dream-plaza.co.jp/gourmet/detail.php/58
朝獲れ回転寿司のぶちゃん,,424-0942,静岡県,静岡市清水区,入船町13-15(ｴｽﾊﾟﾙｽﾄﾞﾘｰﾑﾌﾟﾗｻﾞすし横丁内),,35.010775,138.492919,活きのいい寿司、まわしています！朝獲れの新鮮な駿河湾の幸を使った「朝獲れ握り」、「まぐろミニ丼」「まぐろ３貫握り」が一押しです。平日は、生桜えび・生しらすが入ったセットメニューもございます。,11:00～21:00,年中無休,"契約駐車場を含めて約1,600台",,054-353-5681,http://www.dream-plaza.co.jp/gourmet/detail.php/59
勇喜寿司,,424-0942,静岡県,静岡市清水区,入船町13-15(ｴｽﾊﾟﾙｽﾄﾞﾘｰﾑﾌﾟﾗｻﾞすし横丁内),,35.010775,138.492919,駿河湾の美味しい地魚と全国各地からの厳選、特選ネタと、本店がある焼津からの極上天然南鮪をご用意して、お客様のご来店を心よりお待ちいたしております。 新鮮な天然の地の魚、極上南鮪は元より、いろいろな自家製の「塩」を使ったにぎり寿司も好評をいただいております。 白身魚など、その香る塩を使ったにぎり寿司を是非お楽しみいただきたいと思っております。,11:00～21:00,年中無休,"契約駐車場を含めて約1,600台",,054-355-1118,http://www.dream-plaza.co.jp/gourmet/detail.php/60
清水すし処 海,,424-0942,静岡県,静岡市清水区,入船町13-15(ｴｽﾊﾟﾙｽﾄﾞﾘｰﾑﾌﾟﾗｻﾞすし横丁内),,35.010775,138.492919,築地直送の本まぐろや新鮮な地物ネタに、納得ゆくまで手をかけてご提供。カウンター、テーブル、お座敷、迎賓ルームがご利用いただけます,11:00～21:00,年中無休,"契約駐車場を含めて約1,600台",,054-354-3700,http://www.dream-plaza.co.jp/gourmet/detail.php/61
御食事処 大漁市場,,424-0942,静岡県,静岡市清水区,入船町13-15(ｴｽﾊﾟﾙｽﾄﾞﾘｰﾑﾌﾟﾗｻﾞすし横丁内),,35.010775,138.492919,豊富な駿河湾の海の幸を寿司の逸品に、和食のひと品に形を替えて提供いたします。 ご家族やグループ様でも気軽にお食事頂けるゆとりのテーブル席です。 各種、ご宴会・パーティーなどにいかがですか？ 着席、立食など様々なお客様のご要望にお応えします。,11:00～21:00,年中無休,"契約駐車場を含めて約1,600台",,054-355-1622,http://www.dream-plaza.co.jp/gourmet/detail.php/62
一代 港橋店,,424-0942,静岡県,静岡市清水区,入船町6-4,,35.008836,138.491094,美味しい『しずまえ鮮魚』を食べるならココ！,,,,,054-351-0555,
居酒屋 新生丸,,424-0829,静岡県,静岡市清水区,巴町10-29,,35.015841,138.487319,美味しい『しずまえ鮮魚』を食べるならココ！,,,,,054-352-3851,
竹寿司,,424-0829,静岡県,静岡市清水区,巴町11-14,,35.016143,138.4873,しずまえ鮮魚を美味しいお寿司で食べるならここ！,,,,,054-352-9540,
ろばた焼 おいげん家,,424-0829,静岡県,静岡市清水区,巴町11-22,,35.016643,138.487275,美味しい『しずまえ鮮魚』を食べるならココ！,,,,,054-353-0173,
ろばた都,,424-0829,静岡県,静岡市清水区,巴町11-25,,35.016671,138.487542,美味しい『しずまえ鮮魚』を食べるならココ！,,,,,054-353-8539,
若すぎ,,424-0829,静岡県,静岡市清水区,巴町12-2,,35.016885,138.487533,美味しい『しずまえ鮮魚』を食べるならココ！,,,,,054-352-1555,
芦家 力蔵,,424-0829,静岡県,静岡市清水区,巴町12-3,シティコーポ新清水2F,35.016935,138.487431,美味しい『しずまえ鮮魚』を食べるならココ！,,,,,054-354-5378,
一代 本店,,424-0829,静岡県,静岡市清水区,巴町2-13,,35.017788,138.486536,美味しい『しずまえ鮮魚』を食べるならココ！,,,,,054-353-0707,
一期,,424-0829,静岡県,静岡市清水区,巴町2-3,,35.017729,138.486892,美味しい『しずまえ鮮魚』を食べるならココ！,,,,,054-354-0158,
若ざわ 巴町店,,424-0829,静岡県,静岡市清水区,巴町6-11,,35.015955,138.486842,美味しい『しずまえ鮮魚』を食べるならココ！,,,,,054-352-7060,
巴すし,,424-0829,静岡県,静岡市清水区,巴町7-24,,35.015541,138.486953,しずまえ鮮魚を美味しいお寿司で食べるならここ！,,,,,054-352-7402,
藤吉郎,,424-0829,静岡県,静岡市清水区,巴町7-26,,35.01568,138.486878,美味しい『しずまえ鮮魚』を食べるならココ！,,,,,054-388-9237,
日本料理・寿司処 富貴庵,にほんりょうり・すしどころ　ふうきあん,424-0875,静岡県,静岡市清水区,馬走1500-2,,34.98016,138.465289,レストラン・寿司処とどちらもご用意しております。,【レストラン】11:30～15:00（14:30LO）・17:00～21:00（20:30LO）【寿司処】11:30～15:00（14:30LO）17:00～22:30（22:00LO）,ホテル指定日に準ずる,400台,,054-335-1155,www.ndhl.jp
魚政,,424-0212,静岡県,静岡市清水区,八木間町2-1,,35.058722,138.523548,美味しい『しずまえ鮮魚』を始めとした水産物を買うならココ！,,,,,054-369-1375,
カネショウ水産(株),,424-0103,静岡県,静岡市清水区,尾羽179-2,,35.043471,138.487438,美味しい『しずまえ鮮魚』を始めとした水産物を買うならココ！,,,,,054-364-8818,
魚初,,424-0945,静岡県,静岡市清水区,美輪町3-12,,35.000492,138.474451,美味しい『しずまえ鮮魚』を始めとした水産物を買うならココ！,,,,,054-352-0271,
なすび総本店,なすびそうほんてん,424-0941,静岡県,静岡市清水区,富士見町5-8,,35.009014,138.489844,毎日由比港より直接しずまえ鮮魚が届きます。,11:30～14:30 17:00～22:00,無し,20台,,054-352-1006,
川京,,424-0872,静岡県,静岡市清水区,平川地3-20,,35.011221,138.465649,美味しい『しずまえ鮮魚』を食べるならココ！,,,,,054-345-5730,
寿司元,,424-0003,静岡県,静岡市清水区,蜂ヶ谷282,,35.040634,138.460857,美味しい『しずまえ鮮魚』を食べるならココ！,,,,,054-365-1040,
居酒屋 和子,,424-0003,静岡県,静岡市清水区,蜂ヶ谷48-3,,35.039612,138.458438,美味しい『しずまえ鮮魚』を食べるならココ！,,,,,054-363-3090,
グリーンハウス,,424-0003,静岡県,静岡市清水区,蜂ヶ谷514-4,,35.041637,138.455083,美味しい『しずまえ鮮魚』を食べるならココ！,,,,,054-363-0158,
武田魚店,,424-0814,静岡県,静岡市清水区,本郷町8-20,,35.02542,138.485925,美味しい『しずまえ鮮魚』を始めとした水産物を買うならココ！,,,,,054-367-1864,
寿司安,,424-0826,静岡県,静岡市清水区,万世町1-5-13,,35.012699,138.487908,しずまえ鮮魚を美味しいお寿司で食べるならここ！,,,,,054-352-9275,
トラットリア ダ イケダ ペル ピーコック,,424-0873,静岡県,静岡市清水区,有東坂1-224-272,,35.00893,138.46836,美味しい『しずまえ鮮魚』を食べるならココ！,,,,,054-346-4434,
井筒屋,いつつや,421-3103,静岡県,静岡市清水区,由比314,,35.107134,138.566284,由比倉沢の定置網の新鮮な魚が揃っています,11:30～14:00／17:00～19:00,月曜日（祭日の時翌日）,７台,,054-375-2039,
吉岡魚店,,421-3103,静岡県,静岡市清水区,由比324,,35.1069,138.565868,美味しい『しずまえ鮮魚』を始めとした水産物を買うならココ！,,,,,054-375-2512,
玉鉾,たまほこ,421-3103,静岡県,静岡市清水区,由比450-1,,35.10599,138.564015,由比倉沢の定置網の新鮮な魚が揃っています,11:00～18:00,不定休,5台,,054-375-5357,
豊島商店,,421-3103,静岡県,静岡市清水区,由比464-1,,35.108712,138.565076,美味しい『しずまえ鮮魚』を始めとした水産物を買うならココ！,,,,,054-375-2451,
(株)カタヤマキ,,421-3103,静岡県,静岡市清水区,由比470-16,,35.112414,138.561746,美味しい『しずまえ鮮魚』を始めとした水産物を買うならココ！,,,,,054-375-2108,
玉舟商店,,421-3103,静岡県,静岡市清水区,由比470-17,,35.11215,138.56211,美味しい『しずまえ鮮魚』を始めとした水産物を買うならココ！,,,,,054-375-3829,
こめや食品(株),,421-3103,静岡県,静岡市清水区,由比470-18,,35.111836,138.562504,美味しい『しずまえ鮮魚』を始めとした水産物を買うならココ！,,,,,054-376-0222,
青島商店,,421-3103,静岡県,静岡市清水区,由比471-17,,35.112692,138.562043,美味しい『しずまえ鮮魚』を始めとした水産物を買うならココ！,,,,,054-375-2243,
食堂 さくら,,421-3103,静岡県,静岡市清水区,由比67-9,,35.106645,138.567407,美味しい『しずまえ鮮魚』を食べるならココ！,,,,,054-377-1070,
ゆい桜えび館,,421-3103,静岡県,静岡市清水区,由比672-1,,35.10932,138.567568,美味しい『しずまえ鮮魚』を食べるならココ！,,,,,054-375-2448,
今村義一商店,,421-3107,静岡県,静岡市清水区,由比阿僧39-8,,35.115008,138.559374,美味しい『しずまえ鮮魚』を始めとした水産物を買うならココ！,,,,,054-375-2279,
ヤマボシ鮮魚店,,421-3111,静岡県,静岡市清水区,由比今宿1-10,,35.101091,138.554786,美味しい『しずまえ鮮魚』を始めとした水産物を買うならココ！,,,,,054-375-2347,
桑原商店,,421-3111,静岡県,静岡市清水区,由比今宿1-15,,35.10091,138.554661,美味しい『しずまえ鮮魚』を始めとした水産物を買うならココ！,,,,,054-375-3039,
ごはん屋さくら,,421-3111,静岡県,静岡市清水区,由比今宿1027-8,,35.096624,138.552823,美味しい『しずまえ鮮魚』を食べるならココ！,,,,,054-376-0101,
由比港漁協 浜のかきあげや,,421-3111,静岡県,静岡市清水区,由比今宿1127,,35.098422,138.556019,美味しい『しずまえ鮮魚』を食べるならココ！,,,,,054-376-0001,
由比港漁業協同組合 直売所,,421-3111,静岡県,静岡市清水区,由比今宿1127,,35.098422,138.556019,美味しい『しずまえ鮮魚』を始めとした水産物を買うならココ！,,,,,054-377-1111,
(有)かくまつ岩松商店,,421-3111,静岡県,静岡市清水区,由比今宿133-1,,35.099385,138.554064,美味しい『しずまえ鮮魚』を始めとした水産物を買うならココ！,,,,,054-376-0081,
佐野鋭郎商店,,421-3111,静岡県,静岡市清水区,由比今宿158-7,,35.09881,138.553317,美味しい『しずまえ鮮魚』を始めとした水産物を買うならココ！,,,,,054-375-2221,
すし処 銀太,ぎんた,421-3111,静岡県,静岡市清水区,由比今宿165,,35.098258,138.55312,由比倉沢の定置網の新鮮な魚が揃っています,13:30～20:00,不定休,4台,,054-375-5000,
魚仙,,421-3111,静岡県,静岡市清水区,由比今宿18,,35.101971,138.555555,美味しい『しずまえ鮮魚』を始めとした水産物を買うならココ！,,,,,054-375-3067,
あおぞら,あおぞら,421-3111,静岡県,静岡市清水区,由比今宿195-1,,35.097249,138.552278,由比倉沢の定置網の新鮮な魚が揃っています,11:00～19:00頃,月曜日,2台,,054-375-2411,
米屋本店,,421-3111,静岡県,静岡市清水区,由比今宿24,,35.102207,138.55578,美味しい『しずまえ鮮魚』を始めとした水産物を買うならココ！,,,,,054-375-2038,
マルワ食品,,421-3111,静岡県,静岡市清水区,由比今宿308-30,,35.101171,138.553872,美味しい『しずまえ鮮魚』を始めとした水産物を買うならココ！,,,,,054-376-0282,
岩儀商店,,421-3111,静岡県,静岡市清水区,由比今宿345,,35.102852,138.554458,美味しい『しずまえ鮮魚』を始めとした水産物を買うならココ！,,,,,054-375-2925,
ヤマコウ商店,,421-3111,静岡県,静岡市清水区,由比今宿348-6,,35.102141,138.554338,美味しい『しずまえ鮮魚』を始めとした水産物を買うならココ！,,,,,054-375-2200,
渡邊商店,,421-3111,静岡県,静岡市清水区,由比今宿350-1,,35.101721,138.55445,美味しい『しずまえ鮮魚』を始めとした水産物を買うならココ！,,,,,054-375-4324,
福島昇商店,,421-3111,静岡県,静岡市清水区,由比今宿392-20,,35.103557,138.55638,美味しい『しずまえ鮮魚』を始めとした水産物を買うならココ！,,,,,054-375-3003,
渡伝商店,,421-3111,静岡県,静岡市清水区,由比今宿4-1,,35.101463,138.554916,美味しい『しずまえ鮮魚』を始めとした水産物を買うならココ！,,,,,054-375-2203,
田辺商店,,421-3111,静岡県,静岡市清水区,由比今宿54,,35.102452,138.556663,美味しい『しずまえ鮮魚』を始めとした水産物を買うならココ！,,,,,054-375-2726,
(有)望仙,,421-3111,静岡県,静岡市清水区,由比今宿66,,35.101968,138.556116,美味しい『しずまえ鮮魚』を始めとした水産物を買うならココ！,,,,,054-375-3079,
(株)上野水産加工,,421-3111,静岡県,静岡市清水区,由比今宿85,,35.10126,138.555513,美味しい『しずまえ鮮魚』を始めとした水産物を買うならココ！,,,,,054-375-2815,
魚和,,421-3111,静岡県,静岡市清水区,由比今宿992-1,,35.096052,138.551767,美味しい『しずまえ鮮魚』を始めとした水産物を買うならココ！,,,,,054-375-2604,
宮原商店,,421-3111,静岡県,静岡市清水区,由比今宿992-7,,35.096147,138.551825,美味しい『しずまえ鮮魚』を始めとした水産物を買うならココ！,,,,,054-375-2218,
見晴旅館,みはらし,421-3111,静岡県,静岡市清水区,由比今宿996-1,,35.096647,138.552184,由比倉沢の定置網の新鮮な魚が揃っています,【ランチ】11:30～14:00／17:00～21:00予約のみ,木曜日,7台,,054-375-2503,
平田菊次郎商店,,421-3112,静岡県,静岡市清水区,由比寺尾531-1,,35.092772,138.550107,美味しい『しずまえ鮮魚』を始めとした水産物を買うならココ！,,,,,054-375-3610,
河西商店,,421-3112,静岡県,静岡市清水区,由比寺尾550,,35.0933,138.549982,美味しい『しずまえ鮮魚』を始めとした水産物を買うならココ！,,,,,054-375-4465,
小倉食品工業(株),,421-3112,静岡県,静岡市清水区,由比寺尾821-1,,35.094938,138.551753,美味しい『しずまえ鮮魚』を始めとした水産物を買うならココ！,,,,,054-375-3191,
魚庄,,421-3105,静岡県,静岡市清水区,由比町屋原112,,35.104107,138.559593,美味しい『しずまえ鮮魚』を始めとした水産物を買うならココ！,,,,,054-375-2220,
(株)原浦商店,,421-3105,静岡県,静岡市清水区,由比町屋原127,,35.103921,138.558496,美味しい『しずまえ鮮魚』を始めとした水産物を買うならココ！,,,,,054-375-2939,
古牧角次郎商店,,421-3105,静岡県,静岡市清水区,由比町屋原137,,35.103624,138.558032,美味しい『しずまえ鮮魚』を始めとした水産物を買うならココ！,,,,,054-375-2431,
柚木商店,,421-3105,静岡県,静岡市清水区,由比町屋原164-19,,35.105343,138.557788,美味しい『しずまえ鮮魚』を始めとした水産物を買うならココ！,,,,,054-375-2055,
(有)フルマキ,,421-3105,静岡県,静岡市清水区,由比町屋原187-5,,35.105865,138.557877,美味しい『しずまえ鮮魚』を始めとした水産物を買うならココ！,,,,,054-375-3512,
西澤魚店,,421-3105,静岡県,静岡市清水区,由比町屋原42-1,,35.102541,138.556805,美味しい『しずまえ鮮魚』を始めとした水産物を買うならココ！,,,,,054-375-2617,
開花亭,かいかてい,421-3105,静岡県,静岡市清水区,由比町屋原608,,35.104107,138.555702,由比倉沢の定置網の新鮮な魚が揃っています,13:30～14:30,不定休,20台,,054-375-3055,
池田賢司商店,,421-3105,静岡県,静岡市清水区,由比町屋原61-2,,35.103029,138.557919,美味しい『しずまえ鮮魚』を始めとした水産物を買うならココ！,,,,,054-375-5155,
さすぼし蒲鉾(株),,421-3105,静岡県,静岡市清水区,由比町屋原69,,35.103204,138.558435,美味しい『しずまえ鮮魚』を始めとした水産物を買うならココ！,,,,,054-375-2007,
渡辺忠夫商店,,421-3105,静岡県,静岡市清水区,由比町屋原85,,35.103577,138.559357,美味しい『しずまえ鮮魚』を始めとした水産物を買うならココ！,,,,,054-375-2917,
原藤商店,,421-3105,静岡県,静岡市清水区,由比町屋原88,,35.103632,138.55951,美味しい『しずまえ鮮魚』を始めとした水産物を買うならココ！,,,,,054-376-0052,
くらさわや,くらさわや,421-3114,静岡県,静岡市清水区,由比東倉沢69-1,,35.086428,138.547849,由比倉沢の定置網の新鮮な魚が揃っています,11:00～14:15／17:00～19:15,月曜日（祭日の時翌日）,10台,,054-375-2454,
魚ひさ,,421-3104,静岡県,静岡市清水区,由比北田131,,35.106493,138.56061,美味しい『しずまえ鮮魚』を始めとした水産物を買うならココ！,,,,,054-375-2340,
(有)サスニ古牧芳男商店,,421-3104,静岡県,静岡市清水区,由比北田131-10,,35.10669,138.559991,美味しい『しずまえ鮮魚』を始めとした水産物を買うならココ！,,,,,054-375-2467,
福島久之商店,,421-3104,静岡県,静岡市清水区,由比北田142-4,,35.108095,138.560063,美味しい『しずまえ鮮魚』を始めとした水産物を買うならココ！,,,,,054-376-0203,
牧野菊夫商店,,421-3104,静岡県,静岡市清水区,由比北田62-1,,35.104524,138.561765,美味しい『しずまえ鮮魚』を始めとした水産物を買うならココ！,,,,,054-375-2414,
望月食品工業,,421-3104,静岡県,静岡市清水区,由比北田83,,35.104912,138.561546,美味しい『しずまえ鮮魚』を始めとした水産物を買うならココ！,,,,,054-375-3155,
菊屋,きくや,421-3104,静岡県,静岡市清水区,由比北田87,,35.10501,138.561793,由比倉沢の定置網の新鮮な魚が揃っています,11:00～15:00,火曜日,2台,,054-375-2822,
